"Person ID",Name,Party,URI
24696,"Lord Aberdare",Crossbench,https://www.theyworkforyou.com/peer/24696/lord_aberdare
10003,"Baroness Adams of Craigielea",Labour,https://www.theyworkforyou.com/peer/10003/baroness_adams_of_craigielea
13368,"Lord Addington","Liberal Democrat",https://www.theyworkforyou.com/peer/13368/lord_addington
13369,"Lord Adebowale",Crossbench,https://www.theyworkforyou.com/peer/13369/lord_adebowale
13178,"Lord Adonis",Labour,https://www.theyworkforyou.com/peer/13178/lord_adonis
14126,"Baroness Afshar",Crossbench,https://www.theyworkforyou.com/peer/14126/baroness_afshar
25718,"Lord Agnew of Oulton",Conservative,https://www.theyworkforyou.com/peer/25718/lord_agnew_of_oulton
25040,"Lord Ahmad of Wimbledon",Conservative,https://www.theyworkforyou.com/peer/25040/lord_ahmad_of_wimbledon
13370,"Lord Ahmed",Non-affiliated,https://www.theyworkforyou.com/peer/13370/lord_ahmed
13371,"Lord Alderdice","Liberal Democrat",https://www.theyworkforyou.com/peer/13371/lord_alderdice
10007,"Lord Allan of Hallam","Liberal Democrat",https://www.theyworkforyou.com/peer/10007/lord_allan_of_hallam
25215,"Lord Allen of Kensington",Labour,https://www.theyworkforyou.com/peer/25215/lord_allen_of_kensington
13104,"Lord Alli",Labour,https://www.theyworkforyou.com/peer/13104/lord_alli
13445,"Lord Alliance","Liberal Democrat",https://www.theyworkforyou.com/peer/13445/lord_alliance
25445,"Baroness Altmann",Conservative,https://www.theyworkforyou.com/peer/25445/baroness_altmann
13103,"Lord Alton of Liverpool",Crossbench,https://www.theyworkforyou.com/peer/13103/lord_alton_of_liverpool
13102,"Baroness Amos",Non-affiliated,https://www.theyworkforyou.com/peer/13102/baroness_amos
25736,"Lord Anderson of Ipswich",Crossbench,https://www.theyworkforyou.com/peer/25736/lord_anderson_of_ipswich
10011,"Lord Anderson of Swansea",Labour,https://www.theyworkforyou.com/peer/10011/lord_anderson_of_swansea
13108,"Baroness Andrews",Labour,https://www.theyworkforyou.com/peer/13108/baroness_andrews
13107,"Baroness Anelay of St Johns",Conservative,https://www.theyworkforyou.com/peer/13107/baroness_anelay_of_st_johns
10013,"Lord Arbuthnot of Edrom",Conservative,https://www.theyworkforyou.com/peer/10013/lord_arbuthnot_of_edrom
16495,"Lord Archer of Weston-Super-Mare",Non-affiliated,https://www.theyworkforyou.com/peer/16495/lord_archer_of_weston-super-mare
10014,"Baroness Armstrong of Hill Top",Labour,https://www.theyworkforyou.com/peer/10014/baroness_armstrong_of_hill_top
13096,"Lord Armstrong of Ilminster",Crossbench,https://www.theyworkforyou.com/peer/13096/lord_armstrong_of_ilminster
12883,"the Earl of Arran",Conservative,https://www.theyworkforyou.com/peer/12883/earl_of_arran
10015,"Lord Ashdown of Norton-sub-Hamdon","Liberal Democrat",https://www.theyworkforyou.com/peer/10015/lord_ashdown_of_norton-sub-hamdon
25146,"Lord Ashton of Hyde",Conservative,https://www.theyworkforyou.com/peer/25146/lord_ashton_of_hyde
12879,"Baroness Ashton of Upholland",Non-affiliated,https://www.theyworkforyou.com/peer/12879/baroness_ashton_of_upholland
12880,"Viscount Astor",Conservative,https://www.theyworkforyou.com/peer/12880/viscount_astor
12877,"Lord Astor of Hever",Conservative,https://www.theyworkforyou.com/peer/12877/lord_astor_of_hever
12875,"Earl Attlee",Conservative,https://www.theyworkforyou.com/peer/12875/earl_attlee
13526,"Lord Bach",Labour,https://www.theyworkforyou.com/peer/13526/lord_bach
13528,"Lord Baker of Dorking",Conservative,https://www.theyworkforyou.com/peer/13528/lord_baker_of_dorking
25045,"Baroness Bakewell",Labour,https://www.theyworkforyou.com/peer/25045/baroness_bakewell
25194,"Baroness Bakewell of Hardington Mandeville","Liberal Democrat",https://www.theyworkforyou.com/peer/25194/baroness_bakewell_of_hardington_mandeville
13527,"Earl Baldwin of Bewdley",Crossbench,https://www.theyworkforyou.com/peer/13527/earl_baldwin_of_bewdley
25209,"Lord Balfe",Conservative,https://www.theyworkforyou.com/peer/25209/lord_balfe
25216,"Lord Bamford",Conservative,https://www.theyworkforyou.com/peer/25216/lord_bamford
13521,"Lord Barber of Tewkesbury",Crossbench,https://www.theyworkforyou.com/peer/13521/lord_barber_of_tewkesbury
13524,"Baroness Barker","Liberal Democrat",https://www.theyworkforyou.com/peer/13524/baroness_barker
10713,"Lord Barker of Battle",Conservative,https://www.theyworkforyou.com/peer/10713/lord_barker_of_battle
25728,"Baroness Barran",Conservative,https://www.theyworkforyou.com/peer/25728/baroness_barran
24863,"Lord Barwell",Conservative,https://www.theyworkforyou.com/peer/24863/lord_barwell
13512,"Lord Bassam of Brighton",Labour,https://www.theyworkforyou.com/peer/13512/lord_bassam_of_brighton
14134,"Lord Bates",Conservative,https://www.theyworkforyou.com/peer/14134/lord_bates
25009,"Lord Beecham",Labour,https://www.theyworkforyou.com/peer/25009/lord_beecham
10034,"Lord Beith","Liberal Democrat",https://www.theyworkforyou.com/peer/10034/lord_beith
13503,"Lord Bell",Conservative,https://www.theyworkforyou.com/peer/13503/lord_bell
24987,"Baroness Benjamin","Liberal Democrat",https://www.theyworkforyou.com/peer/24987/baroness_benjamin
25776,"Baroness Bennett of Manor Castle",Green,https://www.theyworkforyou.com/peer/25776/baroness_bennett_of_manor_castle
13505,"Lord Berkeley",Labour,https://www.theyworkforyou.com/peer/13505/lord_berkeley
25179,"Lord Berkeley of Knighton",Crossbench,https://www.theyworkforyou.com/peer/25179/lord_berkeley_of_knighton
25049,"Baroness Berridge",Conservative,https://www.theyworkforyou.com/peer/25049/baroness_berridge
25589,"Baroness Bertin",Conservative,https://www.theyworkforyou.com/peer/25589/baroness_bertin
13507,"Lord Best",Crossbench,https://www.theyworkforyou.com/peer/13507/lord_best
25740,"Lord Bethell",Conservative,https://www.theyworkforyou.com/peer/25740/lord_bethell
13926,"Lord Bew",Crossbench,https://www.theyworkforyou.com/peer/13926/lord_bew
13508,"Lord Bhatia",Non-affiliated,https://www.theyworkforyou.com/peer/13508/lord_bhatia
13196,"Lord Bhattacharyya",Labour,https://www.theyworkforyou.com/peer/13196/lord_bhattacharyya
24708,"Lord Bichard",Crossbench,https://www.theyworkforyou.com/peer/24708/lord_bichard
13881,"Lord Bilimoria",Crossbench,https://www.theyworkforyou.com/peer/13881/lord_bilimoria
13510,"Baroness Billingham",Labour,https://www.theyworkforyou.com/peer/13510/baroness_billingham
25479,"Lord Bird",Crossbench,https://www.theyworkforyou.com/peer/25479/lord_bird
25013,"the Bishop of Birmingham",Bishop,https://www.theyworkforyou.com/peer/25013/bishop_of_birmingham
13502,"Lord Birt",Crossbench,https://www.theyworkforyou.com/peer/13502/lord_birt
24996,"Lord Black of Brentwood",Conservative,https://www.theyworkforyou.com/peer/24996/lord_black_of_brentwood
13711,"Lord Black of Crossharbour",Non-affiliated,https://www.theyworkforyou.com/peer/13711/lord_black_of_crossharbour
13241,"Baroness Blackstone",Labour,https://www.theyworkforyou.com/peer/13241/baroness_blackstone
13240,"Lord Blackwell",Conservative,https://www.theyworkforyou.com/peer/13240/lord_blackwell
24842,"Baroness Blackwood of North Oxford",Conservative,https://www.theyworkforyou.com/peer/24842/baroness_blackwood_of_north_oxford
25005,"Lord Blair of Boughton",Crossbench,https://www.theyworkforyou.com/peer/25005/lord_blair_of_boughton
10394,"Lord Blencathra",Conservative,https://www.theyworkforyou.com/peer/10394/lord_blencathra
13692,"Baroness Blood",Labour,https://www.theyworkforyou.com/peer/13692/baroness_blood
25582,"Baroness Bloomfield of Hinton Waldrist",Conservative,https://www.theyworkforyou.com/peer/25582/baroness_bloomfield_of_hinton_waldrist
25777,"Baroness Blower",Labour,https://www.theyworkforyou.com/peer/25777/baroness_blower
10050,"Lord Blunkett",Labour,https://www.theyworkforyou.com/peer/10050/lord_blunkett
12981,"Lord Blyth of Rowington",Conservative,https://www.theyworkforyou.com/peer/12981/lord_blyth_of_rowington
10052,"Lord Boateng",Labour,https://www.theyworkforyou.com/peer/10052/lord_boateng
12838,"Baroness Bonham-Carter of Yarnbury","Liberal Democrat",https://www.theyworkforyou.com/peer/12838/baroness_bonham-carter_of_yarnbury
10054,"Baroness Boothroyd",Crossbench,https://www.theyworkforyou.com/peer/10054/baroness_boothroyd
25186,"Lord Borwick",Conservative,https://www.theyworkforyou.com/peer/25186/lord_borwick
10056,"Lord Boswell of Aynho",Non-affiliated,https://www.theyworkforyou.com/peer/10056/lord_boswell_of_aynho
10058,"Baroness Bottomley of Nettlestone",Conservative,https://www.theyworkforyou.com/peer/10058/baroness_bottomley_of_nettlestone
25192,"Lord Bourne of Aberystwyth",Conservative,https://www.theyworkforyou.com/peer/25192/lord_bourne_of_aberystwyth
25476,"Baroness Bowles of Berkhamsted","Liberal Democrat",https://www.theyworkforyou.com/peer/25476/baroness_bowles_of_berkhamsted
12986,"Lord Bowness",Conservative,https://www.theyworkforyou.com/peer/12986/lord_bowness
12983,"Lord Boyce",Crossbench,https://www.theyworkforyou.com/peer/12983/lord_boyce
25735,"Baroness Boycott",Crossbench,https://www.theyworkforyou.com/peer/25735/baroness_boycott
13738,"Lord Boyd of Duncansby",Non-affiliated,https://www.theyworkforyou.com/peer/13738/lord_boyd_of_duncansby
12984,"Lord Brabazon of Tara",Conservative,https://www.theyworkforyou.com/peer/12984/lord_brabazon_of_tara
10059,"Lord Bradley",Labour,https://www.theyworkforyou.com/peer/10059/lord_bradley
13028,"Lord Bradshaw","Liberal Democrat",https://www.theyworkforyou.com/peer/13028/lord_bradshaw
25249,"Baroness Brady",Conservative,https://www.theyworkforyou.com/peer/25249/baroness_brady
13034,"Lord Bragg",Labour,https://www.theyworkforyou.com/peer/13034/lord_bragg
13635,"Lord Brennan",Labour,https://www.theyworkforyou.com/peer/13635/lord_brennan
13640,"Viscount Bridgeman",Conservative,https://www.theyworkforyou.com/peer/13640/viscount_bridgeman
13639,"Lord Bridges",Crossbench,https://www.theyworkforyou.com/peer/13639/lord_bridges
25443,"Lord Bridges of Headley",Conservative,https://www.theyworkforyou.com/peer/25443/lord_bridges_of_headley
25066,"Baroness Brinton","Liberal Democrat",https://www.theyworkforyou.com/peer/25066/baroness_brinton
24693,"the Bishop of Bristol",Bishop,https://www.theyworkforyou.com/peer/24693/bishop_of_bristol
13054,"Lord Broers",Crossbench,https://www.theyworkforyou.com/peer/13054/lord_broers
13611,"Lord Brooke of Alverthorpe",Labour,https://www.theyworkforyou.com/peer/13611/lord_brooke_of_alverthorpe
13613,"Viscount Brookeborough",Crossbench,https://www.theyworkforyou.com/peer/13613/viscount_brookeborough
13606,"Lord Brookman",Labour,https://www.theyworkforyou.com/peer/13606/lord_brookman
13608,"Lord Brougham and Vaux",Conservative,https://www.theyworkforyou.com/peer/13608/lord_brougham_and_vaux
25486,"Baroness Brown of Cambridge",Crossbench,https://www.theyworkforyou.com/peer/25486/baroness_brown_of_cambridge
12841,"Lord Brown of Eaton-under-Heywood",Judge,https://www.theyworkforyou.com/peer/12841/lord_brown_of_eaton-under-heywood
13878,"Lord Browne of Belmont",DUP,https://www.theyworkforyou.com/peer/13878/lord_browne_of_belmont
10071,"Lord Browne of Ladyton",Labour,https://www.theyworkforyou.com/peer/10071/lord_browne_of_ladyton
13609,"Lord Browne of Madingley",Crossbench,https://www.theyworkforyou.com/peer/13609/lord_browne_of_madingley
10072,"Baroness Browning",Conservative,https://www.theyworkforyou.com/peer/10072/baroness_browning
25778,"Lord Brownlow of Shurlock Row",Conservative,https://www.theyworkforyou.com/peer/25778/lord_brownlow_of_shurlock_row
10074,"Lord Bruce of Bennachie","Liberal Democrat",https://www.theyworkforyou.com/peer/10074/lord_bruce_of_bennachie
25729,"Baroness Bryan of Partick",Labour,https://www.theyworkforyou.com/peer/25729/baroness_bryan_of_partick
25737,"Baroness Bull",Crossbench,https://www.theyworkforyou.com/peer/25737/baroness_bull
13721,"Lord Burnett","Liberal Democrat",https://www.theyworkforyou.com/peer/13721/lord_burnett
25720,"Lord Burnett of Maldon",Crossbench,https://www.theyworkforyou.com/peer/25720/lord_burnett_of_maldon
13430,"Lord Burns",Crossbench,https://www.theyworkforyou.com/peer/13430/lord_burns
11823,"Baroness Burt of Solihull","Liberal Democrat",https://www.theyworkforyou.com/peer/11823/baroness_burt_of_solihull
13451,"Baroness Buscombe",Conservative,https://www.theyworkforyou.com/peer/13451/baroness_buscombe
13347,"Lord Butler of Brockwell",Crossbench,https://www.theyworkforyou.com/peer/13347/lord_butler_of_brockwell
13879,"Baroness Butler-Sloss",Crossbench,https://www.theyworkforyou.com/peer/13879/baroness_butler-sloss
13458,"Baroness Byford",Conservative,https://www.theyworkforyou.com/peer/13458/baroness_byford
25591,"Lord Caine",Conservative,https://www.theyworkforyou.com/peer/25591/lord_caine
13351,"the Earl of Caithness",Conservative,https://www.theyworkforyou.com/peer/13351/earl_of_caithness
25250,"Lord Callanan",Conservative,https://www.theyworkforyou.com/peer/25250/lord_callanan
13447,"Lord Cameron of Dillington",Crossbench,https://www.theyworkforyou.com/peer/13447/lord_cameron_of_dillington
13676,"Lord Cameron of Lochbroom",Crossbench,https://www.theyworkforyou.com/peer/13676/lord_cameron_of_lochbroom
14147,"Baroness Campbell of Loughborough",Crossbench,https://www.theyworkforyou.com/peer/14147/baroness_campbell_of_loughborough
10088,"Lord Campbell of Pittenweem","Liberal Democrat",https://www.theyworkforyou.com/peer/10088/lord_campbell_of_pittenweem
13921,"Baroness Campbell of Surbiton",Crossbench,https://www.theyworkforyou.com/peer/13921/baroness_campbell_of_surbiton
10090,"Lord Campbell-Savours",Labour,https://www.theyworkforyou.com/peer/10090/lord_campbell-savours
25177,"the Archbishop of Canterbury",Bishop,https://www.theyworkforyou.com/peer/25177/archbishop_of_canterbury
13669,"Lord Carey of Clifton",Crossbench,https://www.theyworkforyou.com/peer/13669/lord_carey_of_clifton
13674,"Lord Carlile of Berriew",Crossbench,https://www.theyworkforyou.com/peer/13674/lord_carlile_of_berriew
25200,"the Bishop of Carlisle",Bishop,https://www.theyworkforyou.com/peer/25200/bishop_of_carlisle
25743,"Lord Carrington",Crossbench,https://www.theyworkforyou.com/peer/25743/lord_carrington
16901,"Lord Carrington of Fulham",Conservative,https://www.theyworkforyou.com/peer/16901/lord_carrington_of_fulham
12842,"Lord Carswell",Crossbench,https://www.theyworkforyou.com/peer/12842/lord_carswell
14139,"Lord Carter of Barnes",Labour,https://www.theyworkforyou.com/peer/14139/lord_carter_of_barnes
13199,"Lord Carter of Coles",Labour,https://www.theyworkforyou.com/peer/13199/lord_carter_of_coles
25246,"Lord Cashman",Labour,https://www.theyworkforyou.com/peer/25246/lord_cashman
13919,"Earl Cathcart",Conservative,https://www.theyworkforyou.com/peer/13919/earl_cathcart
13017,"Lord Cavendish of Furness",Conservative,https://www.theyworkforyou.com/peer/13017/lord_cavendish_of_furness
25588,"Baroness Cavendish of Little Venice",Conservative,https://www.theyworkforyou.com/peer/25588/baroness_cavendish_of_little_venice
13014,"Lord Chadlington",Conservative,https://www.theyworkforyou.com/peer/13014/lord_chadlington
25581,"Baroness Chakrabarti",Labour,https://www.theyworkforyou.com/peer/25581/baroness_chakrabarti
13012,"Baroness Chalker of Wallasey",Conservative,https://www.theyworkforyou.com/peer/13012/baroness_chalker_of_wallasey
13010,"Viscount Chandos",Labour,https://www.theyworkforyou.com/peer/13010/viscount_chandos
13302,"Lord Chartres",Crossbench,https://www.theyworkforyou.com/peer/13302/lord_chartres
25224,"the Bishop of Chelmsford",Bishop,https://www.theyworkforyou.com/peer/25224/bishop_of_chelmsford
13253,"the Bishop of Chester",Bishop,https://www.theyworkforyou.com/peer/13253/bishop_of_chester
25739,"the Bishop of Chichester",Bishop,https://www.theyworkforyou.com/peer/25739/bishop_of_chichester
10101,"Lord Chidgey","Liberal Democrat",https://www.theyworkforyou.com/peer/10101/lord_chidgey
25241,"Baroness Chisholm of Owlpen",Conservative,https://www.theyworkforyou.com/peer/25241/baroness_chisholm_of_owlpen
13258,"the Marquess of Cholmondeley",Non-affiliated,https://www.theyworkforyou.com/peer/13258/marquess_of_cholmondeley
25790,"Lord Choudrey",Conservative,https://www.theyworkforyou.com/peer/25790/lord_choudrey
13256,"Lord Christopher",Labour,https://www.theyworkforyou.com/peer/13256/lord_christopher
24991,"the Earl of Clancarty",Crossbench,https://www.theyworkforyou.com/peer/24991/earl_of_clancarty
10110,"Baroness Clark of Calton",Judge,https://www.theyworkforyou.com/peer/10110/baroness_clark_of_calton
10108,"Lord Clark of Windermere",Labour,https://www.theyworkforyou.com/peer/10108/lord_clark_of_windermere
13248,"Lord Clarke of Hampstead",Labour,https://www.theyworkforyou.com/peer/13248/lord_clarke_of_hampstead
24685,"Lord Clarke of Stone-cum-Ebony",Judge,https://www.theyworkforyou.com/peer/24685/lord_clarke_of_stone-cum-ebony
13517,"Lord Clement-Jones","Liberal Democrat",https://www.theyworkforyou.com/peer/13517/lord_clement-jones
13518,"Lord Clinton-Davis",Labour,https://www.theyworkforyou.com/peer/13518/lord_clinton-davis
13514,"Lord Coe",Conservative,https://www.theyworkforyou.com/peer/13514/lord_coe
13515,"Baroness Cohen of Pimlico",Labour,https://www.theyworkforyou.com/peer/13515/baroness_cohen_of_pimlico
25610,"Lord Colgrain",Conservative,https://www.theyworkforyou.com/peer/25610/lord_colgrain
25048,"Lord Collins of Highbury",Labour,https://www.theyworkforyou.com/peer/25048/lord_collins_of_highbury
24686,"Lord Collins of Mapesbury",Judge,https://www.theyworkforyou.com/peer/24686/lord_collins_of_mapesbury
25147,"Viscount Colville of Culross",Crossbench,https://www.theyworkforyou.com/peer/25147/viscount_colville_of_culross
13550,"Lord Colwyn",Conservative,https://www.theyworkforyou.com/peer/13550/lord_colwyn
13556,"Lord Condon",Crossbench,https://www.theyworkforyou.com/peer/13556/lord_condon
25237,"Lord Cooper of Windrush",Conservative,https://www.theyworkforyou.com/peer/25237/lord_cooper_of_windrush
12871,"Lord Cope of Berkeley",Conservative,https://www.theyworkforyou.com/peer/12871/lord_cope_of_berkeley
25590,"the Earl of Cork and Orrery",Conservative,https://www.theyworkforyou.com/peer/25590/earl_of_cork_and_orrery
10134,"Lord Cormack",Conservative,https://www.theyworkforyou.com/peer/10134/lord_cormack
10135,"Baroness Corston",Labour,https://www.theyworkforyou.com/peer/10135/baroness_corston
10136,"Lord Cotter","Liberal Democrat",https://www.theyworkforyou.com/peer/10136/lord_cotter
12873,"the Earl of Courtown",Conservative,https://www.theyworkforyou.com/peer/12873/earl_of_courtown
13922,"Baroness Coussins",Crossbench,https://www.theyworkforyou.com/peer/13922/baroness_coussins
25583,"Baroness Couttie",Conservative,https://www.theyworkforyou.com/peer/25583/baroness_couttie
25172,"the Bishop of Coventry",Bishop,https://www.theyworkforyou.com/peer/25172/bishop_of_coventry
13559,"Baroness Cox",Crossbench,https://www.theyworkforyou.com/peer/13559/baroness_cox
13235,"Lord Craig of Radley",Crossbench,https://www.theyworkforyou.com/peer/13235/lord_craig_of_radley
13599,"Viscount Craigavon",Crossbench,https://www.theyworkforyou.com/peer/13599/viscount_craigavon
12952,"Lord Crathorne",Conservative,https://www.theyworkforyou.com/peer/12952/lord_crathorne
12954,"the Earl of Crawford and Balcarres",Conservative,https://www.theyworkforyou.com/peer/12954/earl_of_crawford_and_balcarres
13094,"Baroness Crawley",Labour,https://www.theyworkforyou.com/peer/13094/baroness_crawley
13095,"Lord Crickhowell",Conservative,https://www.theyworkforyou.com/peer/13095/lord_crickhowell
13731,"Lord Crisp",Crossbench,https://www.theyworkforyou.com/peer/13731/lord_crisp
25228,"Lord Cromwell",Crossbench,https://www.theyworkforyou.com/peer/25228/lord_cromwell
13098,"Lord Cullen of Whitekirk",Crossbench,https://www.theyworkforyou.com/peer/13098/lord_cullen_of_whitekirk
13099,"Baroness Cumberlege",Conservative,https://www.theyworkforyou.com/peer/13099/baroness_cumberlege
10146,"Lord Cunningham of Felling",Labour,https://www.theyworkforyou.com/peer/10146/lord_cunningham_of_felling
12966,"Lord Currie of Marylebone",Crossbench,https://www.theyworkforyou.com/peer/12966/lord_currie_of_marylebone
25149,"Lord Curry of Kirkharle",Crossbench,https://www.theyworkforyou.com/peer/25149/lord_curry_of_kirkharle
13444,"Baroness D'Souza",Non-affiliated,https://www.theyworkforyou.com/peer/13444/baroness_d%27souza
25050,"Lord Dannatt",Crossbench,https://www.theyworkforyou.com/peer/25050/lord_dannatt
10153,"Lord Darling of Roulanish",Labour,https://www.theyworkforyou.com/peer/10153/lord_darling_of_roulanish
13932,"Lord Darzi of Denham",Labour,https://www.theyworkforyou.com/peer/13932/lord_darzi_of_denham
13717,"Lord Davidson of Glen Clova",Labour,https://www.theyworkforyou.com/peer/13717/lord_davidson_of_glen_clova
14145,"Lord Davies of Abersoch",Labour,https://www.theyworkforyou.com/peer/14145/lord_davies_of_abersoch
13396,"Lord Davies of Coity",Labour,https://www.theyworkforyou.com/peer/13396/lord_davies_of_coity
25355,"Lord Davies of Gower",Conservative,https://www.theyworkforyou.com/peer/25355/lord_davies_of_gower
13395,"Lord Davies of Oldham",Labour,https://www.theyworkforyou.com/peer/13395/lord_davies_of_oldham
10160,"Lord Davies of Stamford",Labour,https://www.theyworkforyou.com/peer/10160/lord_davies_of_stamford
13393,"Baroness Dean of Thornton-le-Fylde",Labour,https://www.theyworkforyou.com/peer/13393/baroness_dean_of_thornton-le-fylde
13884,"Lord Dear",Crossbench,https://www.theyworkforyou.com/peer/13884/lord_dear
10249,"Lord Deben",Conservative,https://www.theyworkforyou.com/peer/10249/lord_deben
13322,"Baroness Deech",Crossbench,https://www.theyworkforyou.com/peer/13322/baroness_deech
25164,"Lord Deighton",Conservative,https://www.theyworkforyou.com/peer/25164/lord_deighton
13659,"Lord Denham",Conservative,https://www.theyworkforyou.com/peer/13659/lord_denham
24976,"the Bishop of Derby",Bishop,https://www.theyworkforyou.com/peer/24976/bishop_of_derby
13661,"Lord Desai",Labour,https://www.theyworkforyou.com/peer/13661/lord_desai
25738,"the Earl of Devon",Crossbench,https://www.theyworkforyou.com/peer/25738/earl_of_devon
13662,"Lord Dholakia","Liberal Democrat",https://www.theyworkforyou.com/peer/13662/lord_dholakia
13665,"Lord Dixon-Smith",Conservative,https://www.theyworkforyou.com/peer/13665/lord_dixon-smith
25024,"Lord Dobbs",Conservative,https://www.theyworkforyou.com/peer/25024/lord_dobbs
24989,"Baroness Donaghy",Labour,https://www.theyworkforyou.com/peer/24989/baroness_donaghy
13651,"Lord Donoughue",Labour,https://www.theyworkforyou.com/peer/13651/lord_donoughue
25033,"Baroness Doocey","Liberal Democrat",https://www.theyworkforyou.com/peer/25033/baroness_doocey
24990,"Baroness Drake",Labour,https://www.theyworkforyou.com/peer/24990/baroness_drake
13294,"Lord Drayson",Labour,https://www.theyworkforyou.com/peer/13294/lord_drayson
13000,"Lord Dubs",Labour,https://www.theyworkforyou.com/peer/13000/lord_dubs
25713,"Lord Duncan of Springbank",Conservative,https://www.theyworkforyou.com/peer/25713/lord_duncan_of_springbank
12999,"the Earl of Dundee",Conservative,https://www.theyworkforyou.com/peer/12999/earl_of_dundee
25441,"Lord Dunlop",Conservative,https://www.theyworkforyou.com/peer/25441/lord_dunlop
25222,"the Bishop of Durham",Bishop,https://www.theyworkforyou.com/peer/25222/bishop_of_durham
13051,"Lord Dykes","Liberal Democrat",https://www.theyworkforyou.com/peer/13051/lord_dykes
12995,"Lord Eames",Crossbench,https://www.theyworkforyou.com/peer/12995/lord_eames
25003,"Baroness Eaton",Conservative,https://www.theyworkforyou.com/peer/25003/baroness_eaton
12998,"Lord Eatwell",Non-affiliated,https://www.theyworkforyou.com/peer/12998/lord_eatwell
13172,"Viscount Eccles",Conservative,https://www.theyworkforyou.com/peer/13172/viscount_eccles
12997,"Baroness Eccles of Moulton",Conservative,https://www.theyworkforyou.com/peer/12997/baroness_eccles_of_moulton
13003,"Lord Elder",Labour,https://www.theyworkforyou.com/peer/13003/lord_elder
13234,"Lord Elis-Thomas","Plaid Cymru",https://www.theyworkforyou.com/peer/13234/lord_elis-thomas
13233,"Lord Elton",Conservative,https://www.theyworkforyou.com/peer/13233/lord_elton
25231,"the Bishop of Ely",Bishop,https://www.theyworkforyou.com/peer/25231/bishop_of_ely
13230,"Lord Elystan-Morgan",Crossbench,https://www.theyworkforyou.com/peer/13230/lord_elystan-morgan
13231,"Baroness Emerton",Crossbench,https://www.theyworkforyou.com/peer/13231/baroness_emerton
25042,"Lord Empey",UUP,https://www.theyworkforyou.com/peer/25042/lord_empey
13229,"the Earl of Erroll",Crossbench,https://www.theyworkforyou.com/peer/13229/earl_of_erroll
25245,"Baroness Evans of Bowes Park",Conservative,https://www.theyworkforyou.com/peer/25245/baroness_evans_of_bowes_park
13243,"Lord Evans of Temple Guiting",Labour,https://www.theyworkforyou.com/peer/13243/lord_evans_of_temple_guiting
12852,"Lord Evans of Watford",Labour,https://www.theyworkforyou.com/peer/12852/lord_evans_of_watford
25257,"Lord Evans of Weardale",Crossbench,https://www.theyworkforyou.com/peer/25257/lord_evans_of_weardale
25472,"Lord Fairfax of Cameron",Conservative,https://www.theyworkforyou.com/peer/25472/lord_fairfax_of_cameron
25719,"Baroness Fairhead",Conservative,https://www.theyworkforyou.com/peer/25719/baroness_fairhead
12851,"Lord Falconer of Thoroton",Labour,https://www.theyworkforyou.com/peer/12851/lord_falconer_of_thoroton
12848,"Baroness Falkender",Labour,https://www.theyworkforyou.com/peer/12848/baroness_falkender
12849,"Viscount Falkland",Crossbench,https://www.theyworkforyou.com/peer/12849/viscount_falkland
13548,"Baroness Falkner of Margravine","Liberal Democrat",https://www.theyworkforyou.com/peer/13548/baroness_falkner_of_margravine
25480,"Baroness Fall",Conservative,https://www.theyworkforyou.com/peer/25480/baroness_fall
25233,"Lord Farmer",Conservative,https://www.theyworkforyou.com/peer/25233/lord_farmer
12846,"Baroness Farrington of Ribbleton",Labour,https://www.theyworkforyou.com/peer/12846/baroness_farrington_of_ribbleton
12847,"Lord Faulkner of Worcester",Labour,https://www.theyworkforyou.com/peer/12847/lord_faulkner_of_worcester
25008,"Lord Faulks",Conservative,https://www.theyworkforyou.com/peer/25008/lord_faulks
10196,"Lord Fearn","Liberal Democrat",https://www.theyworkforyou.com/peer/10196/lord_fearn
11641,"Baroness Featherstone","Liberal Democrat",https://www.theyworkforyou.com/peer/11641/baroness_featherstone
12855,"Lord Feldman",Conservative,https://www.theyworkforyou.com/peer/12855/lord_feldman
25023,"Lord Feldman of Elstree",Conservative,https://www.theyworkforyou.com/peer/25023/lord_feldman_of_elstree
13470,"Lord Fellowes",Crossbench,https://www.theyworkforyou.com/peer/13470/lord_fellowes
25038,"Lord Fellowes of West Stafford",Conservative,https://www.theyworkforyou.com/peer/25038/lord_fellowes_of_west_stafford
13472,"Lord Filkin",Non-affiliated,https://www.theyworkforyou.com/peer/13472/lord_filkin
25051,"Lord Fink",Conservative,https://www.theyworkforyou.com/peer/25051/lord_fink
25201,"Lord Finkelstein",Conservative,https://www.theyworkforyou.com/peer/25201/lord_finkelstein
13471,"Baroness Finlay of Llandaff",Crossbench,https://www.theyworkforyou.com/peer/13471/baroness_finlay_of_llandaff
25473,"Baroness Finn",Conservative,https://www.theyworkforyou.com/peer/25473/baroness_finn
13468,"Baroness Flather",Crossbench,https://www.theyworkforyou.com/peer/13468/baroness_flather
10201,"Lord Flight",Conservative,https://www.theyworkforyou.com/peer/10201/lord_flight
13474,"Baroness Fookes",Conservative,https://www.theyworkforyou.com/peer/13474/baroness_fookes
13740,"Baroness Ford",Non-affiliated,https://www.theyworkforyou.com/peer/13740/baroness_ford
13473,"Lord Forsyth of Drumlean",Conservative,https://www.theyworkforyou.com/peer/13473/lord_forsyth_of_drumlean
10208,"Lord Foster of Bath","Liberal Democrat",https://www.theyworkforyou.com/peer/10208/lord_foster_of_bath
10207,"Lord Foster of Bishop Auckland",Labour,https://www.theyworkforyou.com/peer/10207/lord_foster_of_bishop_auckland
10211,"Lord Foulkes of Cumnock",Labour,https://www.theyworkforyou.com/peer/10211/lord_foulkes_of_cumnock
10212,"Lord Fowler",Conservative,https://www.theyworkforyou.com/peer/10212/lord_fowler
25240,"Lord Fox","Liberal Democrat",https://www.theyworkforyou.com/peer/25240/lord_fox
10370,"Lord Framlingham",Conservative,https://www.theyworkforyou.com/peer/10370/lord_framlingham
25594,"Lord Fraser of Corriegarth",Conservative,https://www.theyworkforyou.com/peer/25594/lord_fraser_of_corriegarth
13307,"Lord Freeman",Conservative,https://www.theyworkforyou.com/peer/13307/lord_freeman
24689,"Lord Freud",Conservative,https://www.theyworkforyou.com/peer/24689/lord_freud
13308,"Lord Freyberg",Crossbench,https://www.theyworkforyou.com/peer/13308/lord_freyberg
13577,"Baroness Fritchie",Crossbench,https://www.theyworkforyou.com/peer/13577/baroness_fritchie
25584,"Lord Gadhia",Conservative,https://www.theyworkforyou.com/peer/25584/lord_gadhia
13310,"Baroness Gale",Labour,https://www.theyworkforyou.com/peer/13310/baroness_gale
13938,"Baroness Garden of Frognal","Liberal Democrat",https://www.theyworkforyou.com/peer/13938/baroness_garden_of_frognal
24980,"Lord Gardiner of Kimble",Conservative,https://www.theyworkforyou.com/peer/24980/lord_gardiner_of_kimble
13304,"Baroness Gardner of Parkes",Conservative,https://www.theyworkforyou.com/peer/13304/baroness_gardner_of_parkes
13063,"Lord Garel-Jones",Conservative,https://www.theyworkforyou.com/peer/13063/lord_garel-jones
10221,"Lord Garnier",Conservative,https://www.theyworkforyou.com/peer/10221/lord_garnier
13061,"Lord Geddes",Conservative,https://www.theyworkforyou.com/peer/13061/lord_geddes
25721,"Lord Geidt",Crossbench,https://www.theyworkforyou.com/peer/25721/lord_geidt
24984,"Lord German","Liberal Democrat",https://www.theyworkforyou.com/peer/24984/lord_german
13066,"Baroness Gibson of Market Rasen",Labour,https://www.theyworkforyou.com/peer/13066/baroness_gibson_of_market_rasen
13483,"Lord Giddens",Labour,https://www.theyworkforyou.com/peer/13483/lord_giddens
25456,"Lord Gilbert of Panteg",Conservative,https://www.theyworkforyou.com/peer/25456/lord_gilbert_of_panteg
13170,"the Earl of Glasgow","Liberal Democrat",https://www.theyworkforyou.com/peer/13170/earl_of_glasgow
25068,"Lord Glasman",Labour,https://www.theyworkforyou.com/peer/25068/lord_glasman
12919,"Lord Glenarthur",Conservative,https://www.theyworkforyou.com/peer/12919/lord_glenarthur
25070,"Lord Glendonbrook",Conservative,https://www.theyworkforyou.com/peer/25070/lord_glendonbrook
12920,"Lord Glentoran",Conservative,https://www.theyworkforyou.com/peer/12920/lord_glentoran
25461,"the Bishop of Gloucester",Bishop,https://www.theyworkforyou.com/peer/25461/bishop_of_gloucester
25247,"Lord Goddard of Stockport","Liberal Democrat",https://www.theyworkforyou.com/peer/25247/lord_goddard_of_stockport
12918,"Lord Goff of Chieveley",Crossbench,https://www.theyworkforyou.com/peer/12918/lord_goff_of_chieveley
25054,"Lord Gold",Conservative,https://www.theyworkforyou.com/peer/25054/lord_gold
13998,"Baroness Goldie",Conservative,https://www.theyworkforyou.com/peer/13998/baroness_goldie
10233,"Baroness Golding",Labour,https://www.theyworkforyou.com/peer/10233/baroness_golding
12924,"Lord Goldsmith",Labour,https://www.theyworkforyou.com/peer/12924/lord_goldsmith
10234,"Lord Goodlad",Conservative,https://www.theyworkforyou.com/peer/10234/lord_goodlad
12922,"Lord Gordon of Strathblane",Labour,https://www.theyworkforyou.com/peer/12922/lord_gordon_of_strathblane
12914,"Viscount Goschen",Conservative,https://www.theyworkforyou.com/peer/12914/viscount_goschen
12915,"Baroness Goudie",Labour,https://www.theyworkforyou.com/peer/12915/baroness_goudie
13569,"Baroness Gould of Potternewton",Labour,https://www.theyworkforyou.com/peer/13569/baroness_gould_of_potternewton
13568,"Lord Grabiner",Labour,https://www.theyworkforyou.com/peer/13568/lord_grabiner
25065,"Lord Grade of Yarmouth",Conservative,https://www.theyworkforyou.com/peer/25065/lord_grade_of_yarmouth
13571,"Lord Graham of Edmonton",Labour,https://www.theyworkforyou.com/peer/13571/lord_graham_of_edmonton
13570,"Lord Grantchester",Labour,https://www.theyworkforyou.com/peer/13570/lord_grantchester
13572,"Lord Greaves","Liberal Democrat",https://www.theyworkforyou.com/peer/13572/lord_greaves
25254,"Lord Green of Deddington",Crossbench,https://www.theyworkforyou.com/peer/25254/lord_green_of_deddington
25017,"Lord Green of Hurstpierpoint",Conservative,https://www.theyworkforyou.com/peer/25017/lord_green_of_hurstpierpoint
13574,"Baroness Greenfield",Crossbench,https://www.theyworkforyou.com/peer/13574/baroness_greenfield
13561,"Baroness Greengross",Crossbench,https://www.theyworkforyou.com/peer/13561/baroness_greengross
13560,"Lord Greenway",Crossbench,https://www.theyworkforyou.com/peer/13560/lord_greenway
25188,"Baroness Grender","Liberal Democrat",https://www.theyworkforyou.com/peer/25188/baroness_grender
24707,"Baroness Grey-Thompson",Crossbench,https://www.theyworkforyou.com/peer/24707/baroness_grey-thompson
12837,"Lord Griffiths of Burry Port",Labour,https://www.theyworkforyou.com/peer/12837/lord_griffiths_of_burry_port
13417,"Lord Griffiths of Fforestfach",Conservative,https://www.theyworkforyou.com/peer/13417/lord_griffiths_of_fforestfach
10247,"Lord Grocott",Labour,https://www.theyworkforyou.com/peer/10247/lord_grocott
13420,"Lord Guthrie of Craigiebank",Crossbench,https://www.theyworkforyou.com/peer/13420/lord_guthrie_of_craigiebank
10251,"Lord Hague of Richmond",Conservative,https://www.theyworkforyou.com/peer/10251/lord_hague_of_richmond
10283,"Viscount Hailsham",Conservative,https://www.theyworkforyou.com/peer/10283/viscount_hailsham
10252,"Lord Hain",Labour,https://www.theyworkforyou.com/peer/10252/lord_hain
12840,"Baroness Hale of Richmond",Judge,https://www.theyworkforyou.com/peer/12840/baroness_hale_of_richmond
24705,"Lord Hall of Birkenhead",Crossbench,https://www.theyworkforyou.com/peer/24705/lord_hall_of_birkenhead
25779,"Baroness Hallett",Crossbench,https://www.theyworkforyou.com/peer/25779/baroness_hallett
13923,"Lord Hameed",Crossbench,https://www.theyworkforyou.com/peer/13923/lord_hameed
10255,"Lord Hamilton of Epsom",Conservative,https://www.theyworkforyou.com/peer/10255/lord_hamilton_of_epsom
13422,"Baroness Hamwee","Liberal Democrat",https://www.theyworkforyou.com/peer/13422/baroness_hamwee
13423,"Baroness Hanham",Conservative,https://www.theyworkforyou.com/peer/13423/baroness_hanham
13140,"Lord Hannay of Chiswick",Crossbench,https://www.theyworkforyou.com/peer/13140/lord_hannay_of_chiswick
13139,"Lord Hanningfield",Non-affiliated,https://www.theyworkforyou.com/peer/13139/lord_hanningfield
25071,"Viscount Hanworth",Labour,https://www.theyworkforyou.com/peer/25071/viscount_hanworth
13137,"Lord Hardie",Judge,https://www.theyworkforyou.com/peer/13137/lord_hardie
25239,"Baroness Harding of Winscombe",Conservative,https://www.theyworkforyou.com/peer/25239/baroness_harding_of_winscombe
13168,"Lord Harries of Pentregarth",Crossbench,https://www.theyworkforyou.com/peer/13168/lord_harries_of_pentregarth
13135,"Lord Harris of Haringey",Labour,https://www.theyworkforyou.com/peer/13135/lord_harris_of_haringey
13133,"Lord Harris of Peckham",Conservative,https://www.theyworkforyou.com/peer/13133/lord_harris_of_peckham
13148,"Baroness Harris of Richmond","Liberal Democrat",https://www.theyworkforyou.com/peer/13148/baroness_harris_of_richmond
13147,"Lord Harrison",Labour,https://www.theyworkforyou.com/peer/13147/lord_harrison
13200,"Lord Hart of Chilton",Labour,https://www.theyworkforyou.com/peer/13200/lord_hart_of_chilton
10263,"Lord Haselhurst",Conservative,https://www.theyworkforyou.com/peer/10263/lord_haselhurst
13499,"Lord Haskel",Labour,https://www.theyworkforyou.com/peer/13499/lord_haskel
13500,"Lord Haskins",Crossbench,https://www.theyworkforyou.com/peer/13500/lord_haskins
13718,"Lord Hastings of Scarisbrick",Crossbench,https://www.theyworkforyou.com/peer/13718/lord_hastings_of_scarisbrick
13497,"Lord Hattersley",Labour,https://www.theyworkforyou.com/peer/13497/lord_hattersley
25206,"Lord Haughey",Labour,https://www.theyworkforyou.com/peer/25206/lord_haughey
13052,"Lord Haworth",Labour,https://www.theyworkforyou.com/peer/13052/lord_haworth
13799,"Lord Hay of Ballyore",DUP,https://www.theyworkforyou.com/peer/13799/lord_hay_of_ballyore
13495,"Baroness Hayman",Crossbench,https://www.theyworkforyou.com/peer/13495/baroness_hayman
24973,"Baroness Hayter of Kentish Town",Labour,https://www.theyworkforyou.com/peer/24973/baroness_hayter_of_kentish_town
17722,"Lord Hayward",Conservative,https://www.theyworkforyou.com/peer/17722/lord_hayward
25004,"Baroness Healy of Primrose Hill",Labour,https://www.theyworkforyou.com/peer/25004/baroness_healy_of_primrose_hill
25253,"Baroness Helic",Conservative,https://www.theyworkforyou.com/peer/25253/baroness_helic
25780,"Lord Hendy",Labour,https://www.theyworkforyou.com/peer/25780/lord_hendy
13545,"Baroness Henig",Labour,https://www.theyworkforyou.com/peer/13545/baroness_henig
13493,"Lord Henley",Conservative,https://www.theyworkforyou.com/peer/13493/lord_henley
25018,"Lord Hennessy of Nympsfield",Crossbench,https://www.theyworkforyou.com/peer/25018/lord_hennessy_of_nympsfield
10276,"Lord Heseltine",Conservative,https://www.theyworkforyou.com/peer/10276/lord_heseltine
25047,"Baroness Heyhoe Flint",Conservative,https://www.theyworkforyou.com/peer/25047/baroness_heyhoe_flint
13340,"Lord Higgins",Conservative,https://www.theyworkforyou.com/peer/13340/lord_higgins
24969,"Lord Hill of Oareford",Conservative,https://www.theyworkforyou.com/peer/24969/lord_hill_of_oareford
13224,"Baroness Hilton of Eggardon",Labour,https://www.theyworkforyou.com/peer/13224/baroness_hilton_of_eggardon
25199,"Baroness Hodgson of Abinger",Conservative,https://www.theyworkforyou.com/peer/25199/baroness_hodgson_of_abinger
13226,"Lord Hodgson of Astley Abbotts",Conservative,https://www.theyworkforyou.com/peer/13226/lord_hodgson_of_astley_abbotts
13221,"Lord Hoffmann",Crossbench,https://www.theyworkforyou.com/peer/13221/lord_hoffmann
25722,"Lord Hogan-Howe",Crossbench,https://www.theyworkforyou.com/peer/25722/lord_hogan-howe
13220,"Baroness Hogg",Crossbench,https://www.theyworkforyou.com/peer/13220/baroness_hogg
13222,"Lord Hollick",Labour,https://www.theyworkforyou.com/peer/13222/lord_hollick
25016,"Baroness Hollins",Crossbench,https://www.theyworkforyou.com/peer/25016/baroness_hollins
13217,"Baroness Hollis of Heigham",Labour,https://www.theyworkforyou.com/peer/13217/baroness_hollis_of_heigham
25208,"Lord Holmes of Richmond",Conservative,https://www.theyworkforyou.com/peer/25208/lord_holmes_of_richmond
13082,"the Earl of Home",Conservative,https://www.theyworkforyou.com/peer/13082/earl_of_home
13081,"Baroness Hooper",Conservative,https://www.theyworkforyou.com/peer/13081/baroness_hooper
13079,"Lord Hope of Craighead",Judge,https://www.theyworkforyou.com/peer/13079/lord_hope_of_craighead
25187,"Lord Horam",Conservative,https://www.theyworkforyou.com/peer/25187/lord_horam
25723,"Lord Houghton of Richmond",Crossbench,https://www.theyworkforyou.com/peer/25723/lord_houghton_of_richmond
10290,"Lord Howard of Lympne",Conservative,https://www.theyworkforyou.com/peer/10290/lord_howard_of_lympne
13201,"Lord Howard of Rising",Conservative,https://www.theyworkforyou.com/peer/13201/lord_howard_of_rising
13078,"Baroness Howarth of Breckland",Crossbench,https://www.theyworkforyou.com/peer/13078/baroness_howarth_of_breckland
10291,"Lord Howarth of Newport",Labour,https://www.theyworkforyou.com/peer/10291/lord_howarth_of_newport
13077,"Earl Howe",Conservative,https://www.theyworkforyou.com/peer/13077/earl_howe
13075,"Baroness Howe of Idlicote",Crossbench,https://www.theyworkforyou.com/peer/13075/baroness_howe_of_idlicote
13074,"Lord Howell of Guildford",Conservative,https://www.theyworkforyou.com/peer/13074/lord_howell_of_guildford
13073,"Baroness Howells of St Davids",Labour,https://www.theyworkforyou.com/peer/13073/baroness_howells_of_st_davids
13349,"Lord Howie of Troon",Labour,https://www.theyworkforyou.com/peer/13349/lord_howie_of_troon
13350,"Lord Hoyle",Labour,https://www.theyworkforyou.com/peer/13350/lord_hoyle
10296,"Baroness Hughes of Stretford",Labour,https://www.theyworkforyou.com/peer/10296/baroness_hughes_of_stretford
13454,"Lord Hughes of Woodside",Labour,https://www.theyworkforyou.com/peer/13454/lord_hughes_of_woodside
25202,"Baroness Humphreys","Liberal Democrat",https://www.theyworkforyou.com/peer/25202/baroness_humphreys
25781,"Baroness Hunt of Bethnal Green",Crossbench,https://www.theyworkforyou.com/peer/25781/baroness_hunt_of_bethnal_green
13352,"Lord Hunt of Chesterton",Labour,https://www.theyworkforyou.com/peer/13352/lord_hunt_of_chesterton
13353,"Lord Hunt of Kings Heath",Labour,https://www.theyworkforyou.com/peer/13353/lord_hunt_of_kings_heath
13355,"Lord Hunt of Wirral",Conservative,https://www.theyworkforyou.com/peer/13355/lord_hunt_of_wirral
13356,"Lord Hurd of Westwell",Conservative,https://www.theyworkforyou.com/peer/13356/lord_hurd_of_westwell
25046,"Lord Hussain","Liberal Democrat",https://www.theyworkforyou.com/peer/25046/lord_hussain
24983,"Baroness Hussein-Ece","Liberal Democrat",https://www.theyworkforyou.com/peer/24983/baroness_hussein-ece
13486,"Lord Hutton",Crossbench,https://www.theyworkforyou.com/peer/13486/lord_hutton
10303,"Lord Hutton of Furness",Labour,https://www.theyworkforyou.com/peer/10303/lord_hutton_of_furness
13485,"Lord Hylton",Crossbench,https://www.theyworkforyou.com/peer/13485/lord_hylton
13488,"Lord Imbert",Crossbench,https://www.theyworkforyou.com/peer/13488/lord_imbert
13487,"Lord Inge",Crossbench,https://www.theyworkforyou.com/peer/13487/lord_inge
13490,"Lord Inglewood",Conservative,https://www.theyworkforyou.com/peer/13490/lord_inglewood
13489,"Lord Irvine of Lairg",Labour,https://www.theyworkforyou.com/peer/13489/lord_irvine_of_lairg
13880,"Lord James of Blackheath",Conservative,https://www.theyworkforyou.com/peer/13880/lord_james_of_blackheath
25252,"Baroness Janke","Liberal Democrat",https://www.theyworkforyou.com/peer/25252/baroness_janke
13939,"Lord Janvrin",Crossbench,https://www.theyworkforyou.com/peer/13939/lord_janvrin
13886,"Lord Jay of Ewelme",Crossbench,https://www.theyworkforyou.com/peer/13886/lord_jay_of_ewelme
12860,"Baroness Jay of Paddington",Labour,https://www.theyworkforyou.com/peer/12860/baroness_jay_of_paddington
25064,"Baroness Jenkin of Kennington",Conservative,https://www.theyworkforyou.com/peer/25064/baroness_jenkin_of_kennington
25027,"Baroness Jolly","Liberal Democrat",https://www.theyworkforyou.com/peer/25027/baroness_jolly
10317,"Lord Jones",Labour,https://www.theyworkforyou.com/peer/10317/lord_jones
13930,"Lord Jones of Birmingham",Crossbench,https://www.theyworkforyou.com/peer/13930/lord_jones_of_birmingham
10325,"Lord Jones of Cheltenham","Liberal Democrat",https://www.theyworkforyou.com/peer/10325/lord_jones_of_cheltenham
25214,"Baroness Jones of Moulsecoomb",Green,https://www.theyworkforyou.com/peer/25214/baroness_jones_of_moulsecoomb
13877,"Baroness Jones of Whitchurch",Labour,https://www.theyworkforyou.com/peer/13877/baroness_jones_of_whitchurch
12866,"Lord Jopling",Conservative,https://www.theyworkforyou.com/peer/12866/lord_jopling
12990,"Lord Jordan",Labour,https://www.theyworkforyou.com/peer/12990/lord_jordan
12989,"Lord Judd",Labour,https://www.theyworkforyou.com/peer/12989/lord_judd
14138,"Lord Judge",Judge,https://www.theyworkforyou.com/peer/14138/lord_judge
24704,"Lord Kakkar",Crossbench,https://www.theyworkforyou.com/peer/24704/lord_kakkar
13197,"Lord Kalms",Non-affiliated,https://www.theyworkforyou.com/peer/13197/lord_kalms
25446,"Lord Keen of Elie",Conservative,https://www.theyworkforyou.com/peer/25446/lord_keen_of_elie
25212,"Baroness Kennedy of Cradley",Labour,https://www.theyworkforyou.com/peer/25212/baroness_kennedy_of_cradley
24986,"Lord Kennedy of Southwark",Labour,https://www.theyworkforyou.com/peer/24986/lord_kennedy_of_southwark
12994,"Baroness Kennedy of The Shaws",Labour,https://www.theyworkforyou.com/peer/12994/baroness_kennedy_of_the_shaws
13443,"Lord Kerr of Kinlochard",Crossbench,https://www.theyworkforyou.com/peer/13443/lord_kerr_of_kinlochard
24688,"Lord Kerr of Tonaghmore",Judge,https://www.theyworkforyou.com/peer/24688/lord_kerr_of_tonaghmore
25442,"Lord Kerslake",Crossbench,https://www.theyworkforyou.com/peer/25442/lord_kerslake
25061,"Lord Kestenbaum",Labour,https://www.theyworkforyou.com/peer/25061/lord_kestenbaum
25163,"Baroness Kidron",Crossbench,https://www.theyworkforyou.com/peer/25163/baroness_kidron
10589,"Lord Kilclooney",Crossbench,https://www.theyworkforyou.com/peer/10589/lord_kilclooney
10341,"Baroness King of Bow",Labour,https://www.theyworkforyou.com/peer/10341/baroness_king_of_bow
10342,"Lord King of Bridgwater",Conservative,https://www.theyworkforyou.com/peer/10342/lord_king_of_bridgwater
25185,"Lord King of Lothbury",Crossbench,https://www.theyworkforyou.com/peer/25185/lord_king_of_lothbury
13726,"Baroness Kingsmill",Labour,https://www.theyworkforyou.com/peer/13726/baroness_kingsmill
13171,"Lord Kinnock",Labour,https://www.theyworkforyou.com/peer/13171/lord_kinnock
24690,"Baroness Kinnock of Holyhead",Labour,https://www.theyworkforyou.com/peer/24690/baroness_kinnock_of_holyhead
25266,"the Earl of Kinnoull",Crossbench,https://www.theyworkforyou.com/peer/25266/earl_of_kinnoull
13219,"Lord Kirkham",Conservative,https://www.theyworkforyou.com/peer/13219/lord_kirkham
13212,"Lord Kirkhill",Labour,https://www.theyworkforyou.com/peer/13212/lord_kirkhill
18019,"Lord Kirkhope of Harrogate",Conservative,https://www.theyworkforyou.com/peer/18019/lord_kirkhope_of_harrogate
10345,"Lord Kirkwood of Kirkhope","Liberal Democrat",https://www.theyworkforyou.com/peer/10345/lord_kirkwood_of_kirkhope
13213,"Baroness Knight of Collingtree",Conservative,https://www.theyworkforyou.com/peer/13213/baroness_knight_of_collingtree
11027,"Lord Knight of Weymouth",Labour,https://www.theyworkforyou.com/peer/11027/lord_knight_of_weymouth
11783,"Baroness Kramer","Liberal Democrat",https://www.theyworkforyou.com/peer/11783/baroness_kramer
13924,"Lord Krebs",Crossbench,https://www.theyworkforyou.com/peer/13924/lord_krebs
13667,"Lord Laird",Non-affiliated,https://www.theyworkforyou.com/peer/13667/lord_laird
13668,"Lord Laming",Crossbench,https://www.theyworkforyou.com/peer/13668/lord_laming
13193,"Lord Lamont of Lerwick",Conservative,https://www.theyworkforyou.com/peer/13193/lord_lamont_of_lerwick
25178,"Baroness Lane-Fox of Soho",Crossbench,https://www.theyworkforyou.com/peer/25178/baroness_lane-fox_of_soho
13382,"Lord Lang of Monkton",Conservative,https://www.theyworkforyou.com/peer/13382/lord_lang_of_monkton
10349,"Lord Lansley",Conservative,https://www.theyworkforyou.com/peer/10349/lord_lansley
25193,"Baroness Lawrence of Clarendon",Labour,https://www.theyworkforyou.com/peer/25193/baroness_lawrence_of_clarendon
22053,"Lord Lawson of Blaby",Conservative,https://www.theyworkforyou.com/peer/22053/lord_lawson_of_blaby
13376,"Lord Layard",Labour,https://www.theyworkforyou.com/peer/13376/lord_layard
13379,"Lord Lea of Crondall",Labour,https://www.theyworkforyou.com/peer/13379/lord_lea_of_crondall
13729,"Lord Leach of Fairford",Conservative,https://www.theyworkforyou.com/peer/13729/lord_leach_of_fairford
13724,"Lord Lee of Trafford","Liberal Democrat",https://www.theyworkforyou.com/peer/13724/lord_lee_of_trafford
25263,"the Bishop of Leeds",Bishop,https://www.theyworkforyou.com/peer/25263/bishop_of_leeds
25196,"Lord Leigh of Hurley",Conservative,https://www.theyworkforyou.com/peer/25196/lord_leigh_of_hurley
13479,"Lord Leitch",Labour,https://www.theyworkforyou.com/peer/13479/lord_leitch
25243,"Lord Lennie",Labour,https://www.theyworkforyou.com/peer/25243/lord_lennie
13378,"Lord Lester of Herne Hill","Liberal Democrat",https://www.theyworkforyou.com/peer/13378/lord_lester_of_herne_hill
13587,"Lord Levene of Portsoken",Crossbench,https://www.theyworkforyou.com/peer/13587/lord_levene_of_portsoken
13372,"Lord Levy",Labour,https://www.theyworkforyou.com/peer/13372/lord_levy
25030,"Lord Lexden",Conservative,https://www.theyworkforyou.com/peer/25030/lord_lexden
10360,"Baroness Liddell of Coatdyke",Labour,https://www.theyworkforyou.com/peer/10360/baroness_liddell_of_coatdyke
24975,"Lord Liddle",Labour,https://www.theyworkforyou.com/peer/24975/lord_liddle
10362,"Lord Lilley",Conservative,https://www.theyworkforyou.com/peer/10362/lord_lilley
25724,"the Bishop of Lincoln",Bishop,https://www.theyworkforyou.com/peer/25724/bishop_of_lincoln
13647,"the Earl of Lindsay",Conservative,https://www.theyworkforyou.com/peer/13647/earl_of_lindsay
25025,"Lord Lingfield",Conservative,https://www.theyworkforyou.com/peer/25025/lord_lingfield
13645,"Lord Lipsey",Labour,https://www.theyworkforyou.com/peer/13645/lord_lipsey
25058,"Baroness Lister of Burtersett",Labour,https://www.theyworkforyou.com/peer/25058/baroness_lister_of_burtersett
13646,"the Earl of Listowel",Crossbench,https://www.theyworkforyou.com/peer/13646/earl_of_listowel
25262,"Lord Lisvane",Crossbench,https://www.theyworkforyou.com/peer/25262/lord_lisvane
25477,"Lord Livermore",Labour,https://www.theyworkforyou.com/peer/25477/lord_livermore
13298,"the Earl of Liverpool",Conservative,https://www.theyworkforyou.com/peer/13298/earl_of_liverpool
25184,"Lord Livingston of Parkhead",Conservative,https://www.theyworkforyou.com/peer/25184/lord_livingston_of_parkhead
25707,"Lord Llewellyn of Steep",Conservative,https://www.theyworkforyou.com/peer/25707/lord_llewellyn_of_steep
13305,"Lord Lloyd-Webber",Conservative,https://www.theyworkforyou.com/peer/13305/lord_lloyd-webber
13132,"Baroness Lockwood",Labour,https://www.theyworkforyou.com/peer/13132/baroness_lockwood
25725,"the Bishop of London",Bishop,https://www.theyworkforyou.com/peer/25725/bishop_of_london
25039,"Lord Loomba","Liberal Democrat",https://www.theyworkforyou.com/peer/25039/lord_loomba
10010,"the Marquess of Lothian",Conservative,https://www.theyworkforyou.com/peer/10010/marquess_of_lothian
13876,"Lord Low of Dalston",Crossbench,https://www.theyworkforyou.com/peer/13876/lord_low_of_dalston
13301,"Lord Lucas",Conservative,https://www.theyworkforyou.com/peer/13301/lord_lucas
13300,"Lord Luce",Crossbench,https://www.theyworkforyou.com/peer/13300/lord_luce
13299,"Baroness Ludford","Liberal Democrat",https://www.theyworkforyou.com/peer/13299/baroness_ludford
25466,"Lord Lupton",Conservative,https://www.theyworkforyou.com/peer/25466/lord_lupton
13154,"Lord Lyell",Conservative,https://www.theyworkforyou.com/peer/13154/lord_lyell
25144,"the Earl of Lytton",Crossbench,https://www.theyworkforyou.com/peer/25144/earl_of_lytton
10386,"Lord MacGregor of Pulham Market",Conservative,https://www.theyworkforyou.com/peer/10386/lord_macgregor_of_pulham_market
13124,"Lord MacKenzie of Culkein",Labour,https://www.theyworkforyou.com/peer/13124/lord_mackenzie_of_culkein
13127,"Lord MacLaurin of Knebworth",Conservative,https://www.theyworkforyou.com/peer/13127/lord_maclaurin_of_knebworth
25006,"Lord Macdonald of River Glaven","Liberal Democrat",https://www.theyworkforyou.com/peer/25006/lord_macdonald_of_river_glaven
13565,"Lord Macdonald of Tradeston",Labour,https://www.theyworkforyou.com/peer/13565/lord_macdonald_of_tradeston
13122,"Lord Mackay of Clashfern",Conservative,https://www.theyworkforyou.com/peer/13122/lord_mackay_of_clashfern
13123,"Lord Mackay of Drumadoon",Judge,https://www.theyworkforyou.com/peer/13123/lord_mackay_of_drumadoon
13125,"Lord Mackenzie of Framwellgate",Non-affiliated,https://www.theyworkforyou.com/peer/13125/lord_mackenzie_of_framwellgate
10396,"Lord Maclennan of Rogart","Liberal Democrat",https://www.theyworkforyou.com/peer/10396/lord_maclennan_of_rogart
25595,"Lord Macpherson of Earl's Court",Crossbench,https://www.theyworkforyou.com/peer/25595/lord_macpherson_of_earl%27s_court
13130,"Baroness Maddock","Liberal Democrat",https://www.theyworkforyou.com/peer/13130/baroness_maddock
25062,"Lord Magan of Castletown",Conservative,https://www.theyworkforyou.com/peer/25062/lord_magan_of_castletown
10406,"Lord Maginnis of Drumglass","Independent Ulster Unionist",https://www.theyworkforyou.com/peer/10406/lord_maginnis_of_drumglass
25488,"Lord Mair",Crossbench,https://www.theyworkforyou.com/peer/25488/lord_mair
12907,"Baroness Mallalieu",Labour,https://www.theyworkforyou.com/peer/12907/baroness_mallalieu
13929,"Lord Malloch-Brown",Crossbench,https://www.theyworkforyou.com/peer/13929/lord_malloch-brown
13321,"Lord Mance",Judge,https://www.theyworkforyou.com/peer/13321/lord_mance
12905,"Lord Mancroft",Conservative,https://www.theyworkforyou.com/peer/12905/lord_mancroft
10412,"Lord Mandelson",Labour,https://www.theyworkforyou.com/peer/10412/lord_mandelson
14133,"Baroness Manningham-Buller",Crossbench,https://www.theyworkforyou.com/peer/14133/baroness_manningham-buller
25190,"Baroness Manzoor",Conservative,https://www.theyworkforyou.com/peer/25190/baroness_manzoor
12904,"the Countess of Mar",Crossbench,https://www.theyworkforyou.com/peer/12904/countess_of_mar
12903,"the Earl of Mar and Kellie","Liberal Democrat",https://www.theyworkforyou.com/peer/12903/earl_of_mar_and_kellie
25035,"Lord Marks of Henley-on-Thames","Liberal Democrat",https://www.theyworkforyou.com/peer/25035/lord_marks_of_henley-on-thames
13723,"Lord Marland",Conservative,https://www.theyworkforyou.com/peer/13723/lord_marland
12902,"Lord Marlesford",Conservative,https://www.theyworkforyou.com/peer/12902/lord_marlesford
10420,"Lord Martin of Springburn",Crossbench,https://www.theyworkforyou.com/peer/10420/lord_martin_of_springburn
12909,"Baroness Masham of Ilton",Crossbench,https://www.theyworkforyou.com/peer/12909/baroness_masham_of_ilton
13552,"Baroness Massey of Darwen",Labour,https://www.theyworkforyou.com/peer/13552/baroness_massey_of_darwen
10423,"Lord Maude of Horsham",Conservative,https://www.theyworkforyou.com/peer/10423/lord_maude_of_horsham
10424,"Lord Mawhinney",Conservative,https://www.theyworkforyou.com/peer/10424/lord_mawhinney
13925,"Lord Mawson",Crossbench,https://www.theyworkforyou.com/peer/13925/lord_mawson
10425,"Lord Maxton",Labour,https://www.theyworkforyou.com/peer/10425/lord_maxton
13549,"Lord May of Oxford",Crossbench,https://www.theyworkforyou.com/peer/13549/lord_may_of_oxford
10376,"Lord McAvoy",Labour,https://www.theyworkforyou.com/peer/10376/lord_mcavoy
13563,"Lord McCluskey",Crossbench,https://www.theyworkforyou.com/peer/13563/lord_mccluskey
13564,"Lord McColl of Dulwich",Conservative,https://www.theyworkforyou.com/peer/13564/lord_mccoll_of_dulwich
14049,"Lord McConnell of Glenscorrodale",Labour,https://www.theyworkforyou.com/peer/14049/lord_mcconnell_of_glenscorrodale
25730,"Lord McCrea of Magherafelt and Cookstown",DUP,https://www.theyworkforyou.com/peer/25730/lord_mccrea_of_magherafelt_and_cookstown
13058,"Baroness McDonagh",Labour,https://www.theyworkforyou.com/peer/13058/baroness_mcdonagh
10384,"Lord McFall of Alcluith",Labour,https://www.theyworkforyou.com/peer/10384/lord_mcfall_of_alcluith
25474,"Baroness McGregor-Smith",Conservative,https://www.theyworkforyou.com/peer/25474/baroness_mcgregor-smith
25585,"Lord McInnes of Kilwinning",Conservative,https://www.theyworkforyou.com/peer/25585/lord_mcinnes_of_kilwinning
13121,"Baroness McIntosh of Hudnall",Labour,https://www.theyworkforyou.com/peer/13121/baroness_mcintosh_of_hudnall
10389,"Baroness McIntosh of Pickering",Conservative,https://www.theyworkforyou.com/peer/10389/baroness_mcintosh_of_pickering
13057,"Lord McKenzie of Luton",Labour,https://www.theyworkforyou.com/peer/13057/lord_mckenzie_of_luton
13129,"Lord McNally","Liberal Democrat",https://www.theyworkforyou.com/peer/13129/lord_mcnally
25731,"Lord McNicol of West Kilbride",Labour,https://www.theyworkforyou.com/peer/25731/lord_mcnicol_of_west_kilbride
13885,"Baroness Meacher",Crossbench,https://www.theyworkforyou.com/peer/13885/baroness_meacher
25189,"Lord Mendelsohn",Labour,https://www.theyworkforyou.com/peer/25189/lord_mendelsohn
25732,"Baroness Meyer",Conservative,https://www.theyworkforyou.com/peer/25732/baroness_meyer
13554,"Baroness Miller of Chilthorne Domer","Liberal Democrat",https://www.theyworkforyou.com/peer/13554/baroness_miller_of_chilthorne_domer
13547,"Lord Millett",Crossbench,https://www.theyworkforyou.com/peer/13547/lord_millett
13286,"Lord Mitchell",Labour,https://www.theyworkforyou.com/peer/13286/lord_mitchell
25235,"Baroness Mobarik",Conservative,https://www.theyworkforyou.com/peer/25235/baroness_mobarik
14130,"Lord Mogg",Crossbench,https://www.theyworkforyou.com/peer/14130/lord_mogg
25455,"Baroness Mone",Conservative,https://www.theyworkforyou.com/peer/25455/baroness_mone
25014,"Lord Monks",Labour,https://www.theyworkforyou.com/peer/25014/lord_monks
13289,"the Duke of Montrose",Conservative,https://www.theyworkforyou.com/peer/13289/duke_of_montrose
10438,"Lord Moonie",Labour,https://www.theyworkforyou.com/peer/10438/lord_moonie
13276,"Lord Moore of Lower Marsh",Conservative,https://www.theyworkforyou.com/peer/13276/lord_moore_of_lower_marsh
13044,"Lord Morgan",Labour,https://www.theyworkforyou.com/peer/13044/lord_morgan
13480,"Baroness Morgan of Drefelin",Crossbench,https://www.theyworkforyou.com/peer/13480/baroness_morgan_of_drefelin
25063,"Baroness Morgan of Ely",Labour,https://www.theyworkforyou.com/peer/25063/baroness_morgan_of_ely
13045,"Baroness Morgan of Huyton",Labour,https://www.theyworkforyou.com/peer/13045/baroness_morgan_of_huyton
10446,"Lord Morris of Aberavon",Labour,https://www.theyworkforyou.com/peer/10446/lord_morris_of_aberavon
13198,"Baroness Morris of Bolton",Conservative,https://www.theyworkforyou.com/peer/13198/baroness_morris_of_bolton
13727,"Lord Morris of Handsworth",Labour,https://www.theyworkforyou.com/peer/13727/lord_morris_of_handsworth
10445,"Baroness Morris of Yardley",Labour,https://www.theyworkforyou.com/peer/10445/baroness_morris_of_yardley
13733,"Lord Morrow",DUP,https://www.theyworkforyou.com/peer/13733/lord_morrow
25462,"Lord Mountevans",Crossbench,https://www.theyworkforyou.com/peer/25462/lord_mountevans
13042,"Lord Moynihan",Conservative,https://www.theyworkforyou.com/peer/13042/lord_moynihan
13482,"Baroness Murphy",Crossbench,https://www.theyworkforyou.com/peer/13482/baroness_murphy
10454,"Lord Murphy of Torfaen",Labour,https://www.theyworkforyou.com/peer/10454/lord_murphy_of_torfaen
14140,"Lord Myners",Non-affiliated,https://www.theyworkforyou.com/peer/14140/lord_myners
13704,"Lord Naseby",Conservative,https://www.theyworkforyou.com/peer/13704/lord_naseby
25173,"Lord Nash",Conservative,https://www.theyworkforyou.com/peer/25173/lord_nash
13703,"Lord Neill of Bladen",Crossbench,https://www.theyworkforyou.com/peer/13703/lord_neill_of_bladen
13055,"Baroness Neuberger",Crossbench,https://www.theyworkforyou.com/peer/13055/baroness_neuberger
13920,"Lord Neuberger of Abbotsbury",Judge,https://www.theyworkforyou.com/peer/13920/lord_neuberger_of_abbotsbury
13936,"Baroness Neville-Jones",Conservative,https://www.theyworkforyou.com/peer/13936/baroness_neville-jones
25205,"Baroness Neville-Rolfe",Conservative,https://www.theyworkforyou.com/peer/25205/baroness_neville-rolfe
13702,"Lord Newby","Liberal Democrat",https://www.theyworkforyou.com/peer/13702/lord_newby
25578,"the Bishop of Newcastle",Bishop,https://www.theyworkforyou.com/peer/25578/bishop_of_newcastle
24997,"Baroness Newlove",Conservative,https://www.theyworkforyou.com/peer/24997/baroness_newlove
13689,"Lord Nicholls of Birkenhead",Crossbench,https://www.theyworkforyou.com/peer/13689/lord_nicholls_of_birkenhead
13706,"Baroness Nicholson of Winterbourne","Liberal Democrat",https://www.theyworkforyou.com/peer/13706/baroness_nicholson_of_winterbourne
13710,"Baroness Nicol",Labour,https://www.theyworkforyou.com/peer/13710/baroness_nicol
13439,"Baroness Noakes",Conservative,https://www.theyworkforyou.com/peer/13439/baroness_noakes
13151,"the Duke of Norfolk",Non-affiliated,https://www.theyworkforyou.com/peer/13151/duke_of_norfolk
13438,"Lord Northbourne",Crossbench,https://www.theyworkforyou.com/peer/13438/lord_northbourne
13435,"Lord Northbrook",Conservative,https://www.theyworkforyou.com/peer/13435/lord_northbrook
13434,"Baroness Northover","Liberal Democrat",https://www.theyworkforyou.com/peer/13434/baroness_northover
13441,"Lord Norton of Louth",Conservative,https://www.theyworkforyou.com/peer/13441/lord_norton_of_louth
12844,"the Bishop of Norwich",Bishop,https://www.theyworkforyou.com/peer/12844/bishop_of_norwich
25007,"Baroness Nye",Labour,https://www.theyworkforyou.com/peer/25007/baroness_nye
13165,"Baroness O'Cathain",Conservative,https://www.theyworkforyou.com/peer/13165/baroness_o%27cathain
25152,"Lord O'Donnell",Crossbench,https://www.theyworkforyou.com/peer/25152/lord_o%27donnell
24694,"Baroness O'Loan",Crossbench,https://www.theyworkforyou.com/peer/24694/baroness_o%27loan
13167,"Baroness O'Neill of Bengarve",Crossbench,https://www.theyworkforyou.com/peer/13167/baroness_o%27neill_of_bengarve
10464,"Lord O'Neill of Clackmannan",Labour,https://www.theyworkforyou.com/peer/10464/lord_o%27neill_of_clackmannan
25444,"Lord O'Neill of Gatley",Conservative,https://www.theyworkforyou.com/peer/25444/lord_o%27neill_of_gatley
25458,"Lord O'Shaughnessy",Conservative,https://www.theyworkforyou.com/peer/25458/lord_o%27shaughnessy
13442,"Lord Oakeshott of Seagrove Bay",Non-affiliated,https://www.theyworkforyou.com/peer/13442/lord_oakeshott_of_seagrove_bay
25464,"Lord Oates","Liberal Democrat",https://www.theyworkforyou.com/peer/25464/lord_oates
13161,"Baroness Oppenheim-Barnes",Conservative,https://www.theyworkforyou.com/peer/13161/baroness_oppenheim-barnes
25742,"Baroness Osamor",Labour,https://www.theyworkforyou.com/peer/25742/baroness_osamor
13163,"Lord Ouseley",Crossbench,https://www.theyworkforyou.com/peer/13163/lord_ouseley
13162,"Lord Owen","Independent Social Democrat",https://www.theyworkforyou.com/peer/13162/lord_owen
13169,"Lord Oxburgh",Crossbench,https://www.theyworkforyou.com/peer/13169/lord_oxburgh
25191,"the Bishop of Oxford",Bishop,https://www.theyworkforyou.com/peer/25191/bishop_of_oxford
25251,"the Earl of Oxford and Asquith","Liberal Democrat",https://www.theyworkforyou.com/peer/25251/earl_of_oxford_and_asquith
25204,"Lord Paddick","Liberal Democrat",https://www.theyworkforyou.com/peer/25204/lord_paddick
13737,"Baroness Paisley of St George's",DUP,https://www.theyworkforyou.com/peer/13737/baroness_paisley_of_st_george%27s
12945,"Lord Palmer",Crossbench,https://www.theyworkforyou.com/peer/12945/lord_palmer
25043,"Lord Palmer of Childs Hill","Liberal Democrat",https://www.theyworkforyou.com/peer/25043/lord_palmer_of_childs_hill
12946,"Lord Palumbo",Conservative,https://www.theyworkforyou.com/peer/12946/lord_palumbo
25210,"Lord Palumbo of Southwark","Liberal Democrat",https://www.theyworkforyou.com/peer/25210/lord_palumbo_of_southwark
14143,"Lord Pannick",Crossbench,https://www.theyworkforyou.com/peer/14143/lord_pannick
12947,"Lord Parekh",Labour,https://www.theyworkforyou.com/peer/12947/lord_parekh
25786,"Lord Parkinson of Whitley Bay",Conservative,https://www.theyworkforyou.com/peer/25786/lord_parkinson_of_whitley_bay
25002,"Baroness Parminter","Liberal Democrat",https://www.theyworkforyou.com/peer/25002/baroness_parminter
12951,"Lord Patel",Crossbench,https://www.theyworkforyou.com/peer/12951/lord_patel
12937,"Lord Patel of Blackburn",Labour,https://www.theyworkforyou.com/peer/12937/lord_patel_of_blackburn
13739,"Lord Patel of Bradford",Labour,https://www.theyworkforyou.com/peer/13739/lord_patel_of_bradford
12938,"Lord Patten",Conservative,https://www.theyworkforyou.com/peer/12938/lord_patten
13176,"Lord Patten of Barnes",Conservative,https://www.theyworkforyou.com/peer/13176/lord_patten_of_barnes
13603,"Lord Paul",Non-affiliated,https://www.theyworkforyou.com/peer/13603/lord_paul
13602,"Lord Pearson of Rannoch",UKIP,https://www.theyworkforyou.com/peer/13602/lord_pearson_of_rannoch
13601,"Earl Peel",Crossbench,https://www.theyworkforyou.com/peer/13601/earl_peel
10475,"Lord Pendry",Labour,https://www.theyworkforyou.com/peer/10475/lord_pendry
25783,"Baroness Penn",Conservative,https://www.theyworkforyou.com/peer/25783/baroness_penn
13009,"Baroness Perry of Southwark",Conservative,https://www.theyworkforyou.com/peer/13009/baroness_perry_of_southwark
13597,"Lord Peston",Labour,https://www.theyworkforyou.com/peer/13597/lord_peston
25221,"the Bishop of Peterborough",Bishop,https://www.theyworkforyou.com/peer/25221/bishop_of_peterborough
12943,"Lord Phillips of Worth Matravers",Judge,https://www.theyworkforyou.com/peer/12943/lord_phillips_of_worth_matravers
10477,"Lord Pickles",Conservative,https://www.theyworkforyou.com/peer/10477/lord_pickles
25467,"Baroness Pidding",Conservative,https://www.theyworkforyou.com/peer/25467/baroness_pidding
25244,"Baroness Pinnock","Liberal Democrat",https://www.theyworkforyou.com/peer/25244/baroness_pinnock
13424,"Baroness Pitkeathley",Labour,https://www.theyworkforyou.com/peer/13424/baroness_pitkeathley
13427,"Lord Plant of Highfield",Labour,https://www.theyworkforyou.com/peer/13427/lord_plant_of_highfield
13429,"Lord Plumb",Conservative,https://www.theyworkforyou.com/peer/13429/lord_plumb
25457,"Lord Polak",Conservative,https://www.theyworkforyou.com/peer/25457/lord_polak
12916,"Lord Ponsonby of Shulbrede",Labour,https://www.theyworkforyou.com/peer/12916/lord_ponsonby_of_shulbrede
24995,"Lord Popat",Conservative,https://www.theyworkforyou.com/peer/24995/lord_popat
25469,"Lord Porter of Spalding",Conservative,https://www.theyworkforyou.com/peer/25469/lord_porter_of_spalding
25223,"the Bishop of Portsmouth",Bishop,https://www.theyworkforyou.com/peer/25223/bishop_of_portsmouth
13695,"Lord Powell of Bayswater",Crossbench,https://www.theyworkforyou.com/peer/13695/lord_powell_of_bayswater
13071,"Baroness Prashar",Crossbench,https://www.theyworkforyou.com/peer/13071/baroness_prashar
10488,"Lord Prescott",Labour,https://www.theyworkforyou.com/peer/10488/lord_prescott
25487,"Lord Price",Conservative,https://www.theyworkforyou.com/peer/25487/lord_price
10489,"Baroness Primarolo",Labour,https://www.theyworkforyou.com/peer/10489/baroness_primarolo
13693,"Lord Prior",Conservative,https://www.theyworkforyou.com/peer/13693/lord_prior
10490,"Lord Prior of Brampton",Conservative,https://www.theyworkforyou.com/peer/10490/lord_prior_of_brampton
13475,"Baroness Prosser",Labour,https://www.theyworkforyou.com/peer/13475/baroness_prosser
14080,"Lord Purvis of Tweed","Liberal Democrat",https://www.theyworkforyou.com/peer/14080/lord_purvis_of_tweed
13699,"Lord Puttnam",Labour,https://www.theyworkforyou.com/peer/13699/lord_puttnam
13725,"Baroness Quin",Labour,https://www.theyworkforyou.com/peer/13725/baroness_quin
13698,"Lord Quirk",Crossbench,https://www.theyworkforyou.com/peer/13698/lord_quirk
10495,"Lord Radice",Labour,https://www.theyworkforyou.com/peer/10495/lord_radice
13691,"Baroness Ramsay of Cartvale",Labour,https://www.theyworkforyou.com/peer/13691/baroness_ramsay_of_cartvale
13149,"Lord Ramsbotham",Crossbench,https://www.theyworkforyou.com/peer/13149/lord_ramsbotham
13478,"Lord Rana",Crossbench,https://www.theyworkforyou.com/peer/13478/lord_rana
25733,"Lord Randall of Uxbridge",Conservative,https://www.theyworkforyou.com/peer/25733/lord_randall_of_uxbridge
25053,"Baroness Randerson","Liberal Democrat",https://www.theyworkforyou.com/peer/25053/baroness_randerson
25788,"Lord Ranger",Conservative,https://www.theyworkforyou.com/peer/25788/lord_ranger
25745,"Lord Ravensdale",Crossbench,https://www.theyworkforyou.com/peer/25745/lord_ravensdale
13037,"Baroness Rawlings",Conservative,https://www.theyworkforyou.com/peer/13037/baroness_rawlings
13244,"Lord Razzall","Liberal Democrat",https://www.theyworkforyou.com/peer/13244/lord_razzall
13033,"Lord Rea",Labour,https://www.theyworkforyou.com/peer/13033/lord_rea
25744,"Lord Reay",Conservative,https://www.theyworkforyou.com/peer/25744/lord_reay
25234,"Baroness Rebuck",Labour,https://www.theyworkforyou.com/peer/25234/baroness_rebuck
13031,"Lord Redesdale","Liberal Democrat",https://www.theyworkforyou.com/peer/13031/lord_redesdale
25465,"Baroness Redfern",Conservative,https://www.theyworkforyou.com/peer/25465/baroness_redfern
13323,"Lord Rees of Ludlow",Crossbench,https://www.theyworkforyou.com/peer/13323/lord_rees_of_ludlow
10501,"Lord Reid of Cardowan",Labour,https://www.theyworkforyou.com/peer/10501/lord_reid_of_cardowan
12970,"Lord Renfrew of Kaimsthorn",Conservative,https://www.theyworkforyou.com/peer/12970/lord_renfrew_of_kaimsthorn
13277,"Lord Rennard","Liberal Democrat",https://www.theyworkforyou.com/peer/13277/lord_rennard
13279,"Lord Renton of Mount Harry",Conservative,https://www.theyworkforyou.com/peer/13279/lord_renton_of_mount_harry
13280,"Lord Renwick of Clifton",Crossbench,https://www.theyworkforyou.com/peer/13280/lord_renwick_of_clifton
25021,"Lord Ribeiro",Conservative,https://www.theyworkforyou.com/peer/25021/lord_ribeiro
13281,"Lord Richard",Labour,https://www.theyworkforyou.com/peer/13281/lord_richard
25229,"Lord Richards of Herstmonceux",Crossbench,https://www.theyworkforyou.com/peer/25229/lord_richards_of_herstmonceux
13401,"Baroness Richardson of Calow",Crossbench,https://www.theyworkforyou.com/peer/13401/baroness_richardson_of_calow
25609,"Lord Ricketts",Crossbench,https://www.theyworkforyou.com/peer/25609/lord_ricketts
25174,"Viscount Ridley",Conservative,https://www.theyworkforyou.com/peer/25174/viscount_ridley
10561,"Lord Risby",Conservative,https://www.theyworkforyou.com/peer/10561/lord_risby
13856,"Baroness Ritchie of Downpatrick",Non-affiliated,https://www.theyworkforyou.com/peer/13856/baroness_ritchie_of_downpatrick
13332,"Lord Rix",Crossbench,https://www.theyworkforyou.com/peer/13332/lord_rix
10503,"Lord Robathan",Conservative,https://www.theyworkforyou.com/peer/10503/lord_robathan
13477,"Lord Roberts of Llandudno","Liberal Democrat",https://www.theyworkforyou.com/peer/13477/lord_roberts_of_llandudno
10504,"Lord Robertson of Port Ellen",Labour,https://www.theyworkforyou.com/peer/10504/lord_robertson_of_port_ellen
25225,"the Bishop of Rochester",Bishop,https://www.theyworkforyou.com/peer/25225/bishop_of_rochester
25471,"Baroness Rock",Conservative,https://www.theyworkforyou.com/peer/25471/baroness_rock
13327,"Lord Rodgers of Quarry Bank","Liberal Democrat",https://www.theyworkforyou.com/peer/13327/lord_rodgers_of_quarry_bank
13330,"Lord Rogan",UUP,https://www.theyworkforyou.com/peer/13330/lord_rogan
13329,"Lord Rogers of Riverside",Labour,https://www.theyworkforyou.com/peer/13329/lord_rogers_of_riverside
10511,"Lord Rooker",Labour,https://www.theyworkforyou.com/peer/10511/lord_rooker
25248,"Lord Rose of Monewden",Conservative,https://www.theyworkforyou.com/peer/25248/lord_rose_of_monewden
13481,"Lord Rosser",Labour,https://www.theyworkforyou.com/peer/13481/lord_rosser
13006,"the Earl of Rosslyn",Crossbench,https://www.theyworkforyou.com/peer/13006/earl_of_rosslyn
13592,"Lord Rotherwick",Conservative,https://www.theyworkforyou.com/peer/13592/lord_rotherwick
13882,"Lord Rowe-Beddoe",Crossbench,https://www.theyworkforyou.com/peer/13882/lord_rowe-beddoe
10516,"Lord Rowlands",Labour,https://www.theyworkforyou.com/peer/10516/lord_rowlands
13452,"Baroness Royall of Blaisdon",Labour,https://www.theyworkforyou.com/peer/13452/baroness_royall_of_blaisdon
25260,"Lord Russell of Liverpool",Crossbench,https://www.theyworkforyou.com/peer/25260/lord_russell_of_liverpool
13588,"Lord Ryder of Wensum",Conservative,https://www.theyworkforyou.com/peer/13588/lord_ryder_of_wensum
13589,"Lord Saatchi",Conservative,https://www.theyworkforyou.com/peer/13589/lord_saatchi
24695,"Lord Sacks",Crossbench,https://www.theyworkforyou.com/peer/24695/lord_sacks
13022,"Lord Sainsbury of Preston Candover",Conservative,https://www.theyworkforyou.com/peer/13022/lord_sainsbury_of_preston_candover
13026,"Lord Sainsbury of Turville",Labour,https://www.theyworkforyou.com/peer/13026/lord_sainsbury_of_turville
13261,"the Marquess of Salisbury",Conservative,https://www.theyworkforyou.com/peer/13261/marquess_of_salisbury
25265,"the Bishop of Salisbury",Bishop,https://www.theyworkforyou.com/peer/25265/bishop_of_salisbury
12912,"Lord Sanderson of Bowden",Conservative,https://www.theyworkforyou.com/peer/12912/lord_sanderson_of_bowden
25787,"Baroness Sanderson of Welton",Conservative,https://www.theyworkforyou.com/peer/25787/baroness_sanderson_of_welton
13633,"the Earl of Sandwich",Crossbench,https://www.theyworkforyou.com/peer/13633/earl_of_sandwich
24971,"Lord Sassoon",Conservative,https://www.theyworkforyou.com/peer/24971/lord_sassoon
25734,"Baroness Sater",Conservative,https://www.theyworkforyou.com/peer/25734/baroness_sater
13145,"Lord Saville of Newdigate",Crossbench,https://www.theyworkforyou.com/peer/13145/lord_saville_of_newdigate
13146,"Lord Sawyer",Labour,https://www.theyworkforyou.com/peer/13146/lord_sawyer
13141,"Baroness Scotland of Asthal",Labour,https://www.theyworkforyou.com/peer/13141/baroness_scotland_of_asthal
25468,"Baroness Scott of Bybrook",Conservative,https://www.theyworkforyou.com/peer/25468/baroness_scott_of_bybrook
13142,"Lord Scott of Foscote",Crossbench,https://www.theyworkforyou.com/peer/13142/lord_scott_of_foscote
13143,"Baroness Scott of Needham Market","Liberal Democrat",https://www.theyworkforyou.com/peer/13143/baroness_scott_of_needham_market
25242,"Lord Scriven","Liberal Democrat",https://www.theyworkforyou.com/peer/25242/lord_scriven
13144,"Baroness Seccombe",Conservative,https://www.theyworkforyou.com/peer/13144/baroness_seccombe
13181,"the Earl of Selborne",Conservative,https://www.theyworkforyou.com/peer/13181/earl_of_selborne
13182,"Lord Selkirk of Douglas",Conservative,https://www.theyworkforyou.com/peer/13182/lord_selkirk_of_douglas
13184,"Lord Selsdon",Conservative,https://www.theyworkforyou.com/peer/13184/lord_selsdon
25029,"Baroness Shackleton of Belgravia",Conservative,https://www.theyworkforyou.com/peer/25029/baroness_shackleton_of_belgravia
25022,"Lord Sharkey","Liberal Democrat",https://www.theyworkforyou.com/peer/25022/lord_sharkey
13185,"Baroness Sharp of Guildford","Liberal Democrat",https://www.theyworkforyou.com/peer/13185/baroness_sharp_of_guildford
13188,"Baroness Sharples",Conservative,https://www.theyworkforyou.com/peer/13188/baroness_sharples
25460,"Baroness Sheehan","Liberal Democrat",https://www.theyworkforyou.com/peer/25460/baroness_sheehan
13734,"Lord Sheikh",Conservative,https://www.theyworkforyou.com/peer/13734/lord_sheikh
10536,"Baroness Shephard of Northwold",Conservative,https://www.theyworkforyou.com/peer/10536/baroness_shephard_of_northwold
25203,"Lord Sherbourne of Didsbury",Conservative,https://www.theyworkforyou.com/peer/25203/lord_sherbourne_of_didsbury
24982,"Baroness Sherlock",Labour,https://www.theyworkforyou.com/peer/24982/baroness_sherlock
25236,"Baroness Shields",Conservative,https://www.theyworkforyou.com/peer/25236/baroness_shields
25470,"Lord Shinkwin",Conservative,https://www.theyworkforyou.com/peer/25470/lord_shinkwin
25000,"Lord Shipley","Liberal Democrat",https://www.theyworkforyou.com/peer/25000/lord_shipley
13152,"the Earl of Shrewsbury",Conservative,https://www.theyworkforyou.com/peer/13152/earl_of_shrewsbury
13455,"Lord Shutt of Greetland","Liberal Democrat",https://www.theyworkforyou.com/peer/13455/lord_shutt_of_greetland
13456,"Viscount Simon",Labour,https://www.theyworkforyou.com/peer/13456/viscount_simon
13462,"Lord Simon of Highbury",Non-affiliated,https://www.theyworkforyou.com/peer/13462/lord_simon_of_highbury
25148,"Lord Singh of Wimbledon",Crossbench,https://www.theyworkforyou.com/peer/25148/lord_singh_of_wimbledon
13460,"Lord Skelmersdale",Conservative,https://www.theyworkforyou.com/peer/13460/lord_skelmersdale
13463,"Lord Skidelsky",Crossbench,https://www.theyworkforyou.com/peer/13463/lord_skidelsky
13464,"Viscount Slim",Crossbench,https://www.theyworkforyou.com/peer/13464/viscount_slim
10546,"Baroness Smith of Basildon",Labour,https://www.theyworkforyou.com/peer/10546/baroness_smith_of_basildon
13654,"Lord Smith of Clifton","Liberal Democrat",https://www.theyworkforyou.com/peer/13654/lord_smith_of_clifton
10547,"Lord Smith of Finsbury",Non-affiliated,https://www.theyworkforyou.com/peer/10547/lord_smith_of_finsbury
13324,"Baroness Smith of Gilmorehill",Labour,https://www.theyworkforyou.com/peer/13324/baroness_smith_of_gilmorehill
25453,"Lord Smith of Hindhead",Conservative,https://www.theyworkforyou.com/peer/25453/lord_smith_of_hindhead
14136,"Lord Smith of Kelvin",Crossbench,https://www.theyworkforyou.com/peer/14136/lord_smith_of_kelvin
13326,"Lord Smith of Leigh",Labour,https://www.theyworkforyou.com/peer/13326/lord_smith_of_leigh
25238,"Baroness Smith of Newnham","Liberal Democrat",https://www.theyworkforyou.com/peer/25238/baroness_smith_of_newnham
10554,"Lord Snape",Labour,https://www.theyworkforyou.com/peer/10554/lord_snape
13657,"the Earl of Snowdon",Crossbench,https://www.theyworkforyou.com/peer/13657/earl_of_snowdon
10556,"Lord Soley",Labour,https://www.theyworkforyou.com/peer/10556/lord_soley
25261,"the Duke of Somerset",Crossbench,https://www.theyworkforyou.com/peer/25261/duke_of_somerset
25258,"the Bishop of Southwark",Bishop,https://www.theyworkforyou.com/peer/25258/bishop_of_southwark
10560,"Lord Spicer",Conservative,https://www.theyworkforyou.com/peer/10560/lord_spicer
25211,"the Bishop of St Albans",Bishop,https://www.theyworkforyou.com/peer/25211/bishop_of_st_albans
13625,"Lord St John of Bletso",Crossbench,https://www.theyworkforyou.com/peer/13625/lord_st_john_of_bletso
14129,"the Earl of Stair",Crossbench,https://www.theyworkforyou.com/peer/14129/earl_of_stair
25001,"Baroness Stedman-Scott",Conservative,https://www.theyworkforyou.com/peer/25001/baroness_stedman-scott
13337,"Lord Steel of Aikwood","Liberal Democrat",https://www.theyworkforyou.com/peer/13337/lord_steel_of_aikwood
14101,"Lord Stephen","Liberal Democrat",https://www.theyworkforyou.com/peer/14101/lord_stephen
13338,"Lord Sterling of Plaistow",Conservative,https://www.theyworkforyou.com/peer/13338/lord_sterling_of_plaistow
13385,"Baroness Stern",Crossbench,https://www.theyworkforyou.com/peer/13385/baroness_stern
14125,"Lord Stern of Brentford",Crossbench,https://www.theyworkforyou.com/peer/14125/lord_stern_of_brentford
13150,"Lord Stevens of Kirkwhelpington",Crossbench,https://www.theyworkforyou.com/peer/13150/lord_stevens_of_kirkwhelpington
13384,"Lord Stevens of Ludgate",UKIP,https://www.theyworkforyou.com/peer/13384/lord_stevens_of_ludgate
24999,"Lord Stevenson of Balmacara",Labour,https://www.theyworkforyou.com/peer/24999/lord_stevenson_of_balmacara
13387,"Lord Stevenson of Coddenham",Crossbench,https://www.theyworkforyou.com/peer/13387/lord_stevenson_of_coddenham
13389,"Lord Steyn",Crossbench,https://www.theyworkforyou.com/peer/13389/lord_steyn
25057,"Lord Stirrup",Crossbench,https://www.theyworkforyou.com/peer/25057/lord_stirrup
13557,"Lord Stoddart of Swindon","Independent Labour",https://www.theyworkforyou.com/peer/13557/lord_stoddart_of_swindon
13630,"Lord Stone of Blackheath",Labour,https://www.theyworkforyou.com/peer/13630/lord_stone_of_blackheath
25052,"Lord Stoneham of Droxford","Liberal Democrat",https://www.theyworkforyou.com/peer/25052/lord_stoneham_of_droxford
25060,"Lord Storey","Liberal Democrat",https://www.theyworkforyou.com/peer/25060/lord_storey
25032,"Baroness Stowell of Beeston",Conservative,https://www.theyworkforyou.com/peer/25032/baroness_stowell_of_beeston
25026,"Lord Strasburger","Liberal Democrat",https://www.theyworkforyou.com/peer/25026/lord_strasburger
13203,"Lord Strathclyde",Conservative,https://www.theyworkforyou.com/peer/13203/lord_strathclyde
25459,"Baroness Stroud",Conservative,https://www.theyworkforyou.com/peer/25459/baroness_stroud
10578,"Lord Stunell","Liberal Democrat",https://www.theyworkforyou.com/peer/10578/lord_stunell
24692,"Lord Sugar",Non-affiliated,https://www.theyworkforyou.com/peer/24692/lord_sugar
25586,"Baroness Sugg",Conservative,https://www.theyworkforyou.com/peer/25586/baroness_sugg
25232,"Lord Suri",Conservative,https://www.theyworkforyou.com/peer/25232/lord_suri
13204,"Lord Sutherland of Houndwood",Crossbench,https://www.theyworkforyou.com/peer/13204/lord_sutherland_of_houndwood
25198,"Baroness Suttie","Liberal Democrat",https://www.theyworkforyou.com/peer/25198/baroness_suttie
13205,"Lord Swinfen",Conservative,https://www.theyworkforyou.com/peer/13205/lord_swinfen
13206,"Baroness Symons of Vernham Dean",Labour,https://www.theyworkforyou.com/peer/13206/baroness_symons_of_vernham_dean
13207,"Lord Tanlaw",Crossbench,https://www.theyworkforyou.com/peer/13207/lord_tanlaw
13208,"Lord Taverne","Liberal Democrat",https://www.theyworkforyou.com/peer/13208/lord_taverne
13209,"Lord Taylor of Blackburn",Labour,https://www.theyworkforyou.com/peer/13209/lord_taylor_of_blackburn
10584,"Baroness Taylor of Bolton",Labour,https://www.theyworkforyou.com/peer/10584/baroness_taylor_of_bolton
10590,"Lord Taylor of Goss Moor","Liberal Democrat",https://www.theyworkforyou.com/peer/10590/lord_taylor_of_goss_moor
13720,"Lord Taylor of Holbeach",Conservative,https://www.theyworkforyou.com/peer/13720/lord_taylor_of_holbeach
13194,"Lord Taylor of Warwick",Non-affiliated,https://www.theyworkforyou.com/peer/13194/lord_taylor_of_warwick
13195,"Lord Tebbit",Conservative,https://www.theyworkforyou.com/peer/13195/lord_tebbit
10592,"Lord Temple-Morris",Labour,https://www.theyworkforyou.com/peer/10592/lord_temple-morris
13732,"Lord Teverson","Liberal Democrat",https://www.theyworkforyou.com/peer/13732/lord_teverson
25217,"Lord Thomas of Cwmgiedd",Judge,https://www.theyworkforyou.com/peer/25217/lord_thomas_of_cwmgiedd
12974,"Lord Thomas of Gresford","Liberal Democrat",https://www.theyworkforyou.com/peer/12974/lord_thomas_of_gresford
12972,"Lord Thomas of Macclesfield",Non-affiliated,https://www.theyworkforyou.com/peer/12972/lord_thomas_of_macclesfield
12971,"Lord Thomas of Swynnerton",Crossbench,https://www.theyworkforyou.com/peer/12971/lord_thomas_of_swynnerton
12935,"Baroness Thomas of Walliswood","Liberal Democrat",https://www.theyworkforyou.com/peer/12935/baroness_thomas_of_walliswood
13728,"Baroness Thomas of Winchester","Liberal Democrat",https://www.theyworkforyou.com/peer/13728/baroness_thomas_of_winchester
25478,"Baroness Thornhill","Liberal Democrat",https://www.theyworkforyou.com/peer/25478/baroness_thornhill
13543,"Baroness Thornton",Labour,https://www.theyworkforyou.com/peer/13543/baroness_thornton
25264,"Lord Thurlow",Crossbench,https://www.theyworkforyou.com/peer/25264/lord_thurlow
11280,"Viscount Thurso","Liberal Democrat",https://www.theyworkforyou.com/peer/11280/viscount_thurso
13541,"Lord Tomlinson",Labour,https://www.theyworkforyou.com/peer/13541/lord_tomlinson
10599,"Baroness Tonge","Independent Liberal Democrat",https://www.theyworkforyou.com/peer/10599/baroness_tonge
13542,"Lord Tope","Liberal Democrat",https://www.theyworkforyou.com/peer/13542/lord_tope
13539,"Lord Tordoff","Liberal Democrat",https://www.theyworkforyou.com/peer/13539/lord_tordoff
10600,"Lord Touhig",Labour,https://www.theyworkforyou.com/peer/10600/lord_touhig
25162,"Lord Trees",Crossbench,https://www.theyworkforyou.com/peer/25162/lord_trees
13540,"Lord Trefgarne",Conservative,https://www.theyworkforyou.com/peer/13540/lord_trefgarne
13177,"Viscount Trenchard",Conservative,https://www.theyworkforyou.com/peer/13177/viscount_trenchard
25463,"Lord Trevethin and Oaksey",Crossbench,https://www.theyworkforyou.com/peer/25463/lord_trevethin_and_oaksey
12839,"Lord Triesman",Labour,https://www.theyworkforyou.com/peer/12839/lord_triesman
10605,"Lord Trimble",Conservative,https://www.theyworkforyou.com/peer/10605/lord_trimble
25028,"Lord True",Conservative,https://www.theyworkforyou.com/peer/25028/lord_true
13538,"Baroness Trumpington",Conservative,https://www.theyworkforyou.com/peer/13538/baroness_trumpington
25176,"the Bishop of Truro",Bishop,https://www.theyworkforyou.com/peer/25176/bishop_of_truro
12845,"Lord Truscott",Non-affiliated,https://www.theyworkforyou.com/peer/12845/lord_truscott
13536,"Lord Tugendhat",Conservative,https://www.theyworkforyou.com/peer/13536/lord_tugendhat
12836,"Lord Tunnicliffe",Labour,https://www.theyworkforyou.com/peer/12836/lord_tunnicliffe
13272,"Lord Turnberg",Labour,https://www.theyworkforyou.com/peer/13272/lord_turnberg
13716,"Lord Turnbull",Crossbench,https://www.theyworkforyou.com/peer/13716/lord_turnbull
13271,"Baroness Turner of Camden",Labour,https://www.theyworkforyou.com/peer/13271/baroness_turner_of_camden
13320,"Lord Turner of Ecchinswell",Crossbench,https://www.theyworkforyou.com/peer/13320/lord_turner_of_ecchinswell
10612,"Lord Tyler","Liberal Democrat",https://www.theyworkforyou.com/peer/10612/lord_tyler
25056,"Baroness Tyler of Enfield","Liberal Democrat",https://www.theyworkforyou.com/peer/25056/baroness_tyler_of_enfield
10613,"Lord Tyrie",Non-affiliated,https://www.theyworkforyou.com/peer/10613/lord_tyrie
13274,"Baroness Uddin",Non-affiliated,https://www.theyworkforyou.com/peer/13274/baroness_uddin
13273,"Viscount Ullswater",Conservative,https://www.theyworkforyou.com/peer/13273/viscount_ullswater
13931,"Baroness Vadera",Non-affiliated,https://www.theyworkforyou.com/peer/13931/baroness_vadera
13315,"Baroness Valentine",Crossbench,https://www.theyworkforyou.com/peer/13315/baroness_valentine
12843,"Lord Vallance of Tummel","Liberal Democrat",https://www.theyworkforyou.com/peer/12843/lord_vallance_of_tummel
25717,"Lord Vaux of Harrowden",Crossbench,https://www.theyworkforyou.com/peer/25717/lord_vaux_of_harrowden
25587,"Baroness Vere of Norbiton",Conservative,https://www.theyworkforyou.com/peer/25587/baroness_vere_of_norbiton
25197,"Lord Verjee","Liberal Democrat",https://www.theyworkforyou.com/peer/25197/lord_verjee
13730,"Baroness Verma",Conservative,https://www.theyworkforyou.com/peer/13730/baroness_verma
13270,"Lord Vinson",Conservative,https://www.theyworkforyou.com/peer/13270/lord_vinson
13263,"Lord Wade of Chorlton",Conservative,https://www.theyworkforyou.com/peer/13263/lord_wade_of_chorlton
13114,"Lord Wakeham",Conservative,https://www.theyworkforyou.com/peer/13114/lord_wakeham
13115,"Lord Waldegrave of North Hill",Conservative,https://www.theyworkforyou.com/peer/13115/lord_waldegrave_of_north_hill
13890,"Lord Walker of Aldringham",Crossbench,https://www.theyworkforyou.com/peer/13890/lord_walker_of_aldringham
13117,"Lord Walker of Gestingthorpe",Judge,https://www.theyworkforyou.com/peer/13117/lord_walker_of_gestingthorpe
13558,"Baroness Wall of New Barnet",Labour,https://www.theyworkforyou.com/peer/13558/baroness_wall_of_new_barnet
13112,"Lord Wallace of Saltaire","Liberal Democrat",https://www.theyworkforyou.com/peer/13112/lord_wallace_of_saltaire
13940,"Lord Wallace of Tankerness","Liberal Democrat",https://www.theyworkforyou.com/peer/13940/lord_wallace_of_tankerness
13113,"Baroness Walmsley","Liberal Democrat",https://www.theyworkforyou.com/peer/13113/baroness_walmsley
13119,"Lord Walpole",Crossbench,https://www.theyworkforyou.com/peer/13119/lord_walpole
13120,"Lord Walton of Detchant",Crossbench,https://www.theyworkforyou.com/peer/13120/lord_walton_of_detchant
12896,"Lord Warner",Labour,https://www.theyworkforyou.com/peer/12896/lord_warner
13937,"Baroness Warsi",Conservative,https://www.theyworkforyou.com/peer/13937/baroness_warsi
12894,"Baroness Warwick of Undercliffe",Labour,https://www.theyworkforyou.com/peer/12894/baroness_warwick_of_undercliffe
25037,"Lord Wasserman",Conservative,https://www.theyworkforyou.com/peer/25037/lord_wasserman
25481,"Baroness Watkins of Tavistock",Crossbench,https://www.theyworkforyou.com/peer/25481/baroness_watkins_of_tavistock
12893,"Lord Watson of Invergowrie",Labour,https://www.theyworkforyou.com/peer/12893/lord_watson_of_invergowrie
12900,"Lord Watson of Richmond","Liberal Democrat",https://www.theyworkforyou.com/peer/12900/lord_watson_of_richmond
10625,"Lord Watts",Labour,https://www.theyworkforyou.com/peer/10625/lord_watts
12899,"Viscount Waverley",Crossbench,https://www.theyworkforyou.com/peer/12899/viscount_waverley
24970,"Lord Wei",Conservative,https://www.theyworkforyou.com/peer/24970/lord_wei
25454,"the Duke of Wellington",Conservative,https://www.theyworkforyou.com/peer/25454/duke_of_wellington
13928,"Lord West of Spithead",Labour,https://www.theyworkforyou.com/peer/13928/lord_west_of_spithead
25031,"Baroness Wheatcroft",Conservative,https://www.theyworkforyou.com/peer/25031/baroness_wheatcroft
24998,"Baroness Wheeler",Labour,https://www.theyworkforyou.com/peer/24998/baroness_wheeler
12957,"Baroness Whitaker",Labour,https://www.theyworkforyou.com/peer/12957/baroness_whitaker
25195,"Lord Whitby",Conservative,https://www.theyworkforyou.com/peer/25195/lord_whitby
12958,"Lord Whitty",Labour,https://www.theyworkforyou.com/peer/12958/lord_whitty
10635,"Lord Wigley","Plaid Cymru",https://www.theyworkforyou.com/peer/10635/lord_wigley
12961,"Baroness Wilcox",Conservative,https://www.theyworkforyou.com/peer/12961/baroness_wilcox
25789,"Baroness Wilcox of Newport",Labour,https://www.theyworkforyou.com/peer/25789/baroness_wilcox_of_newport
10637,"Lord Willetts",Conservative,https://www.theyworkforyou.com/peer/10637/lord_willetts
25012,"Lord Williams of Baglan",Crossbench,https://www.theyworkforyou.com/peer/25012/lord_williams_of_baglan
12960,"Lord Williams of Elvel",Labour,https://www.theyworkforyou.com/peer/12960/lord_williams_of_elvel
13672,"Lord Williams of Oystermouth",Crossbench,https://www.theyworkforyou.com/peer/13672/lord_williams_of_oystermouth
25213,"Baroness Williams of Trafford",Conservative,https://www.theyworkforyou.com/peer/25213/baroness_williams_of_trafford
10641,"Lord Willis of Knaresborough","Liberal Democrat",https://www.theyworkforyou.com/peer/10641/lord_willis_of_knaresborough
13072,"Lord Willoughby de Broke",UKIP,https://www.theyworkforyou.com/peer/13072/lord_willoughby_de_broke
10642,"Lord Wills",Labour,https://www.theyworkforyou.com/peer/10642/lord_wills
13616,"Lord Wilson of Dinton",Crossbench,https://www.theyworkforyou.com/peer/13616/lord_wilson_of_dinton
13619,"Lord Wilson of Tillyorn",Crossbench,https://www.theyworkforyou.com/peer/13619/lord_wilson_of_tillyorn
25156,"the Bishop of Winchester",Bishop,https://www.theyworkforyou.com/peer/25156/bishop_of_winchester
13620,"Lord Winston",Labour,https://www.theyworkforyou.com/peer/13620/lord_winston
25259,"Baroness Wolf of Dulwich",Crossbench,https://www.theyworkforyou.com/peer/25259/baroness_wolf_of_dulwich
24988,"Lord Wolfson of Aspley Guise",Conservative,https://www.theyworkforyou.com/peer/24988/lord_wolfson_of_aspley_guise
13622,"Lord Wolfson of Sunningdale",Conservative,https://www.theyworkforyou.com/peer/13622/lord_wolfson_of_sunningdale
25044,"Lord Wood of Anfield",Labour,https://www.theyworkforyou.com/peer/25044/lord_wood_of_anfield
13615,"Lord Woolf",Crossbench,https://www.theyworkforyou.com/peer/13615/lord_woolf
25782,"Lord Woolley of Woodford",Crossbench,https://www.theyworkforyou.com/peer/25782/lord_woolley_of_woodford
13614,"Lord Woolmer of Leeds",Labour,https://www.theyworkforyou.com/peer/13614/lord_woolmer_of_leeds
25155,"the Bishop of Worcester",Bishop,https://www.theyworkforyou.com/peer/25155/bishop_of_worcester
25059,"Baroness Worthington",Labour,https://www.theyworkforyou.com/peer/25059/baroness_worthington
19579,"Lord Wrigglesworth","Liberal Democrat",https://www.theyworkforyou.com/peer/19579/lord_wrigglesworth
13025,"Lord Wright of Richmond",Crossbench,https://www.theyworkforyou.com/peer/13025/lord_wright_of_richmond
25708,"Baroness Wyld",Conservative,https://www.theyworkforyou.com/peer/25708/baroness_wyld
13714,"the Archbishop of York",Bishop,https://www.theyworkforyou.com/peer/13714/archbishop_of_york
10659,"Lord Young of Cookham",Conservative,https://www.theyworkforyou.com/peer/10659/lord_young_of_cookham
13023,"Lord Young of Graffham",Conservative,https://www.theyworkforyou.com/peer/13023/lord_young_of_graffham
13048,"Baroness Young of Hornsey",Crossbench,https://www.theyworkforyou.com/peer/13048/baroness_young_of_hornsey
13450,"Lord Young of Norwood Green",Labour,https://www.theyworkforyou.com/peer/13450/lord_young_of_norwood_green
13030,"Baroness Young of Old Scone",Labour,https://www.theyworkforyou.com/peer/13030/baroness_young_of_old_scone
24992,"Viscount Younger of Leckie",Conservative,https://www.theyworkforyou.com/peer/24992/viscount_younger_of_leckie
13173,"Lord de Mauley",Conservative,https://www.theyworkforyou.com/peer/13173/lord_de_mauley
